gidx,row,col,letter,section,is_crib,is_q,conf,x_m,y_m,z_m,arc_s
0,0,0,E,pre-K4,False,False,approx,-2.1539,-1.471,3.9598,7.146
1,0,1,M,pre-K4,False,False,approx,-2.0659,-1.4864,3.9598,10.189
2,0,2,U,pre-K4,False,False,approx,-1.9987,-1.494,3.9598,12.494
3,0,3,F,pre-K4,False,False,approx,-1.8311,-1.4974,3.9598,18.21
4,0,4,P,pre-K4,False,False,approx,-1.7393,-1.4901,3.9598,21.345
5,0,5,H,pre-K4,False,False,approx,-1.6086,-1.4679,3.9598,25.863
6,0,6,Z,pre-K4,False,False,approx,-1.5326,-1.4485,3.9598,28.537
7,0,7,L,pre-K4,False,False,approx,-1.4655,-1.4272,3.9598,30.935
8,0,8,R,pre-K4,False,False,approx,-1.3452,-1.3784,3.9598,35.36
9,0,9,F,pre-K4,False,False,approx,-1.2703,-1.3405,3.9598,38.219
10,0,10,A,pre-K4,False,False,approx,-1.1709,-1.2801,3.9598,42.183
11,0,11,X,pre-K4,False,False,approx,-1.0879,-1.2194,3.9598,45.687
12,0,12,Y,pre-K4,False,False,approx,-1.014,-1.1559,3.9598,49.007
13,0,13,U,pre-K4,False,False,approx,-0.9525,-1.095,3.9598,51.957
14,0,14,S,pre-K4,False,False,approx,-0.88,-1.0111,3.9598,55.737
15,0,15,D,pre-K4,False,False,approx,-0.8075,-0.9099,3.9598,59.979
16,0,16,J,pre-K4,False,False,approx,-0.763,-0.8356,3.9598,62.929
17,0,17,K,pre-K4,False,False,approx,-0.7271,-0.7658,3.9598,65.603
18,0,18,Z,pre-K4,False,False,approx,-0.6818,-0.6586,3.9598,69.568
19,0,19,L,pre-K4,False,False,approx,-0.6584,-0.5894,3.9598,72.058
20,0,20,D,pre-K4,False,False,approx,-0.6251,-0.4555,3.9598,76.76
21,0,21,K,pre-K4,False,False,approx,-0.6133,-0.3834,3.9598,79.25
22,0,22,R,pre-K4,False,False,approx,-0.6036,-0.2783,3.9598,82.846
23,0,23,N,pre-K4,False,False,approx,-0.6025,-0.1701,3.9598,86.534
24,0,24,S,pre-K4,False,False,approx,-0.6113,-0.0568,3.9598,90.406
25,0,25,H,pre-K4,False,False,approx,-0.6246,0.0288,3.9598,93.357
26,0,26,G,pre-K4,False,False,approx,-0.6493,0.1341,3.9598,97.045
27,0,27,N,pre-K4,False,False,approx,-0.6838,0.2396,3.9598,100.825
28,0,28,F,pre-K4,False,False,approx,-0.7272,0.3417,3.9598,104.606
29,0,29,I,pre-K4,False,False,approx,-0.7684,0.4209,3.9598,107.648
30,0,30,V,pre-K4,False,False,approx,-0.8076,0.4857,3.9598,110.23
31,0,31,J,pre-K4,False,False,approx,-0.8619,0.5634,3.9598,113.457
32,1,0,Y,pre-K4,False,False,approx,-2.146,-1.4727,3.838,7.422
33,1,1,Q,pre-K4,False,False,approx,-2.031,-1.4908,3.838,11.387
34,1,2,T,pre-K4,False,False,approx,-1.9501,-1.4972,3.838,14.153
35,1,3,Q,pre-K4,False,False,approx,-1.8365,-1.4977,3.838,18.026
36,1,4,U,pre-K4,False,False,approx,-1.7582,-1.4921,3.838,20.7
37,1,5,X,pre-K4,False,False,approx,-1.6457,-1.4756,3.838,24.572
38,1,6,Q,pre-K4,False,False,approx,-1.5326,-1.4485,3.838,28.537
39,1,7,B,pre-K4,False,False,approx,-1.4274,-1.4133,3.838,32.318
40,1,8,Q,pre-K4,False,False,approx,-1.3649,-1.3874,3.838,34.623
41,1,9,V,pre-K4,False,False,approx,-1.2562,-1.3326,3.838,38.772
42,1,10,Y,pre-K4,False,False,approx,-1.1732,-1.2816,3.838,42.091
43,1,11,U,pre-K4,False,False,approx,-1.1007,-1.2294,3.838,45.134
44,1,12,V,pre-K4,False,False,approx,-1.02,-1.1614,3.838,48.73
45,1,13,L,pre-K4,False,False,approx,-0.9562,-1.0989,3.838,51.773
46,1,14,L,pre-K4,False,False,approx,-0.8918,-1.0258,3.838,55.092
47,1,15,T,pre-K4,False,False,approx,-0.8239,-0.9347,3.838,58.965
48,1,16,R,pre-K4,False,False,approx,-0.7656,-0.8403,3.838,62.745
49,1,17,E,pre-K4,False,False,approx,-0.7271,-0.7658,3.838,65.603
50,1,18,V,pre-K4,False,False,approx,-0.6847,-0.6662,3.838,69.291
51,1,19,J,pre-K4,False,False,approx,-0.6537,-0.5739,3.838,72.611
52,1,20,Y,pre-K4,False,False,approx,-0.634,-0.4979,3.838,75.285
53,1,21,Q,pre-K4,False,False,approx,-0.6172,-0.4102,3.838,78.327
54,1,22,T,pre-K4,False,False,approx,-0.6042,-0.2891,3.838,82.477
55,1,23,M,pre-K4,False,False,approx,-0.6034,-0.1485,3.838,87.271
56,1,24,K,pre-K4,False,False,approx,-0.6103,-0.0649,3.838,90.13
57,1,25,Y,pre-K4,False,False,approx,-0.6283,0.0473,3.838,94.002
58,1,26,R,pre-K4,False,False,approx,-0.6569,0.1601,3.838,97.967
59,1,27,D,pre-K4,False,False,approx,-0.6976,0.2749,3.838,102.116
60,1,28,M,pre-K4,False,False,approx,-0.7515,0.39,3.838,106.45
61,1,29,F,pre-K4,False,False,approx,-0.7875,0.4536,3.838,108.939
62,1,30,D,pre-K4,False,False,approx,-0.8586,0.559,3.838,113.273
63,2,0,V,pre-K4,False,False,exact,-2.1486,-1.4721,3.7108,7.33
64,2,1,F,pre-K4,False,False,exact,-2.0579,-1.4875,3.7108,10.465
65,2,2,P,pre-K4,False,False,exact,-1.9663,-1.4964,3.7108,13.6
66,2,3,J,pre-K4,False,False,exact,-1.8608,-1.4984,3.7108,17.196
67,2,4,U,pre-K4,False,False,exact,-1.6937,-1.4839,3.7108,22.913
68,2,5,D,pre-K4,False,False,exact,-1.5981,-1.4655,3.7108,26.232
69,2,6,E,pre-K4,False,False,exact,-1.5015,-1.4392,3.7108,29.644
70,2,7,E,pre-K4,False,False,exact,-1.3723,-1.3907,3.7108,34.346
71,2,8,H,pre-K4,False,False,exact,-1.2942,-1.3533,3.7108,37.297
72,2,9,Z,pre-K4,False,False,exact,-1.1958,-1.2964,3.7108,41.169
73,2,10,W,pre-K4,False,False,exact,-1.1072,-1.2343,3.7108,44.857
74,2,11,E,pre-K4,False,False,exact,-1.028,-1.1687,3.7108,48.361
75,2,12,T,pre-K4,False,False,exact,-0.9544,-1.0969,3.7108,51.865
76,2,13,Z,pre-K4,False,False,exact,-0.8987,-1.0342,3.7108,54.723
77,2,14,Y,pre-K4,False,False,exact,-0.8378,-0.9547,3.7108,58.135
78,2,15,V,pre-K4,False,False,exact,-0.7888,-0.8801,3.7108,61.178
79,2,16,G,pre-K4,False,False,exact,-0.7225,-0.756,3.7108,65.972
80,2,17,W,pre-K4,False,False,exact,-0.6675,-0.6178,3.7108,71.043
81,2,18,H,pre-K4,False,False,exact,-0.6443,-0.54,3.7108,73.809
82,2,19,K,pre-K4,False,False,exact,-0.6193,-0.4236,3.7108,77.866
83,2,20,K,pre-K4,False,False,exact,-0.6067,-0.3242,3.7108,81.278
84,2,21,Q,pre-K4,False,False,exact,-0.6019,-0.2134,3.7108,85.058
85,2,22,E,pre-K4,False,False,exact,-0.6068,-0.0999,3.7108,88.931
86,2,23,T,pre-K4,False,False,exact,-0.6168,-0.0166,3.7108,91.789
87,2,24,G,pre-K4,False,False,exact,-0.6377,0.0896,3.7108,95.477
88,2,25,F,pre-K4,False,False,exact,-0.6625,0.1782,3.7108,98.612
89,2,26,Q,pre-K4,False,False,exact,-0.706,0.2948,3.7108,102.854
90,2,27,J,pre-K4,False,False,exact,-0.7379,0.3636,3.7108,105.436
91,2,28,N,pre-K4,False,False,exact,-0.7875,0.4536,3.7108,108.939
92,2,29,C,pre-K4,False,False,exact,-0.8426,0.5372,3.7108,112.351
93,2,30,E,pre-K4,False,False,exact,-0.9829,0.7018,3.7108,119.727
94,3,0,G,pre-K4,False,False,approx,-2.1566,-1.4705,3.5808,7.054
95,3,1,G,pre-K4,False,False,approx,-2.0552,-1.4879,3.5808,10.557
96,3,2,W,pre-K4,False,False,approx,-1.9231,-1.4983,3.5808,15.075
97,3,3,H,pre-K4,False,False,approx,-1.7851,-1.4946,3.5808,19.778
98,3,4,K,pre-K4,False,False,approx,-1.7018,-1.4851,3.5808,22.636
99,3,5,K,pre-K4,False,False,approx,-1.5981,-1.4655,3.5808,26.232
100,3,6,?,pre-K4,False,True,approx,-1.5015,-1.4392,3.5808,29.644
101,3,7,D,pre-K4,False,False,approx,-1.3947,-1.4002,3.5808,33.516
102,3,8,Q,pre-K4,False,False,approx,-1.3014,-1.357,3.5808,37.02
103,3,9,M,pre-K4,False,False,approx,-1.1822,-1.2876,3.5808,41.722
104,3,10,C,pre-K4,False,False,approx,-1.0524,-1.1901,3.5808,47.255
105,3,11,P,pre-K4,False,False,approx,-0.977,-1.1202,3.5808,50.758
106,3,12,F,pre-K4,False,False,approx,-0.9127,-1.0507,3.5808,53.986
107,3,13,Q,pre-K4,False,False,approx,-0.8331,-0.9481,3.5808,58.411
108,3,14,Z,pre-K4,False,False,approx,-0.7723,-0.8521,3.5808,62.284
109,3,15,D,pre-K4,False,False,approx,-0.7378,-0.7877,3.5808,64.773
110,3,16,Q,pre-K4,False,False,approx,-0.6727,-0.6331,3.5808,70.49
111,3,17,M,pre-K4,False,False,approx,-0.6358,-0.5058,3.5808,75.008
112,3,18,M,pre-K4,False,False,approx,-0.6216,-0.4369,3.5808,77.405
113,3,19,I,pre-K4,False,False,approx,-0.6091,-0.3485,3.5808,80.448
114,3,20,A,pre-K4,False,False,approx,-0.6032,-0.2702,3.5808,83.122
115,3,21,G,pre-K4,False,False,approx,-0.6025,-0.1701,3.5808,86.534
116,3,22,P,pre-K4,False,False,approx,-0.61,-0.0676,3.5808,90.037
117,3,23,F,pre-K4,False,False,approx,-0.6272,0.042,3.5808,93.818
118,3,24,X,pre-K4,False,False,approx,-0.6486,0.1315,3.5808,96.953
119,3,25,H,pre-K4,False,False,approx,-0.6838,0.2396,3.5808,100.825
120,3,26,Q,pre-K4,False,False,approx,-0.7415,0.3708,3.5808,105.712
121,3,27,R,pre-K4,False,False,approx,-0.7806,0.442,3.5808,108.478
122,3,28,L,pre-K4,False,False,approx,-0.8332,0.5239,3.5808,111.798
123,3,29,G,pre-K4,False,False,approx,,,,
124,4,0,T,pre-K4,False,False,exact,-2.1433,-1.4732,3.459,7.515
125,4,1,I,pre-K4,False,False,exact,-2.0686,-1.486,3.459,10.096
126,4,2,M,pre-K4,False,False,exact,-1.9474,-1.4974,3.459,14.246
127,4,3,V,pre-K4,False,False,exact,-1.877,-1.4987,3.459,16.643
128,4,4,M,pre-K4,False,False,exact,-1.7286,-1.4888,3.459,21.714
129,4,5,Z,pre-K4,False,False,exact,-1.6511,-1.4766,3.459,24.388
130,4,6,J,pre-K4,False,False,exact,-1.5613,-1.4564,3.459,27.523
131,4,7,A,pre-K4,False,False,exact,-1.486,-1.4342,3.459,30.197
132,4,8,N,pre-K4,False,False,exact,-1.3972,-1.4013,3.459,33.424
133,4,9,Q,pre-K4,False,False,exact,-1.299,-1.3558,3.459,37.112
134,4,10,L,pre-K4,False,False,exact,-1.205,-1.3022,3.459,40.8
135,4,11,V,pre-K4,False,False,exact,-1.1245,-1.2474,3.459,44.12
136,4,12,K,pre-K4,False,False,exact,-1.0463,-1.1848,3.459,47.531
137,4,13,Q,pre-K4,False,False,exact,-0.9713,-1.1145,3.459,51.035
138,4,14,E,pre-K4,False,False,exact,-0.897,-1.0321,3.459,54.815
139,4,15,D,pre-K4,False,False,exact,-0.8134,-0.919,3.459,59.61
140,4,16,A,pre-K4,False,False,exact,-0.7643,-0.838,3.459,62.837
141,4,17,G,pre-K4,False,False,exact,-0.7248,-0.7609,3.459,65.788
142,4,18,D,pre-K4,False,False,exact,-0.6709,-0.628,3.459,70.675
143,4,19,V,pre-K4,False,False,exact,-0.6486,-0.5556,3.459,73.256
144,4,20,F,pre-K4,False,False,exact,-0.6261,-0.4608,3.459,76.576
145,4,21,R,pre-K4,False,False,exact,-0.6109,-0.3646,3.459,79.895
146,4,22,P,pre-K4,False,False,exact,-0.6027,-0.2594,3.459,83.491
147,4,23,J,pre-K4,False,False,exact,-0.6032,-0.1539,3.459,87.087
148,4,24,U,pre-K4,False,False,exact,-0.608,-0.0864,3.459,89.392
149,4,25,N,pre-K4,False,False,exact,-0.6226,0.0181,3.459,92.988
150,4,26,G,pre-K4,False,False,exact,-0.6451,0.1185,3.459,96.492
151,4,27,E,pre-K4,False,False,exact,-0.6782,0.2243,3.459,100.272
152,4,28,U,pre-K4,False,False,exact,-0.7158,0.3171,3.459,103.684
153,4,29,N,pre-K4,False,False,exact,-0.767,0.4186,3.459,107.556
154,4,30,A,pre-K4,False,False,exact,-0.8379,0.5306,3.459,112.074
155,5,0,Q,pre-K4,False,False,approx,-2.13,-1.4758,3.329,7.976
156,5,1,Z,pre-K4,False,False,approx,-2.0445,-1.4892,3.329,10.926
157,5,2,G,pre-K4,False,False,approx,-1.9636,-1.4965,3.329,13.692
158,5,3,Z,pre-K4,False,False,approx,-1.8581,-1.4984,3.329,17.288
159,5,4,L,pre-K4,False,False,approx,-1.7878,-1.4948,3.329,19.686
160,5,5,E,pre-K4,False,False,approx,-1.6884,-1.4831,3.329,23.097
161,5,6,C,pre-K4,False,False,approx,-1.606,-1.4673,3.329,25.955
162,5,7,G,pre-K4,False,False,approx,-1.5067,-1.4408,3.329,29.459
163,5,8,Y,pre-K4,False,False,approx,-1.4022,-1.4033,3.329,33.24
164,5,9,U,pre-K4,False,False,approx,-1.3232,-1.3679,3.329,36.19
165,5,10,X,pre-K4,False,False,approx,-1.2188,-1.3107,3.329,40.247
166,5,11,U,pre-K4,False,False,approx,-1.142,-1.2601,3.329,43.382
167,5,12,E,pre-K4,False,False,approx,-1.0607,-1.1971,3.329,46.886
168,5,13,E,pre-K4,False,False,approx,-0.9866,-1.1298,3.329,50.297
169,5,14,N,pre-K4,False,False,approx,-0.9162,-1.0548,3.329,53.801
170,5,15,J,pre-K4,False,False,approx,-0.8394,-0.9569,3.329,58.043
171,5,16,T,pre-K4,False,False,approx,-0.7945,-0.8893,3.329,60.809
172,5,17,B,pre-K4,False,False,approx,-0.7306,-0.7731,3.329,65.327
173,5,18,J,pre-K4,False,False,approx,-0.6763,-0.6434,3.329,70.121
174,5,19,L,pre-K4,False,False,approx,-0.6358,-0.5058,3.329,75.008
175,5,20,B,pre-K4,False,False,approx,-0.6185,-0.4182,3.329,78.051
176,5,21,Q,pre-K4,False,False,approx,-0.6085,-0.3431,3.329,80.633
177,5,22,C,pre-K4,False,False,approx,-0.6024,-0.2486,3.329,83.86
178,5,23,R,pre-K4,False,False,approx,-0.6043,-0.1323,3.329,87.825
179,5,24,T,pre-K4,False,False,approx,-0.6181,-0.0086,3.329,92.066
180,5,25,B,pre-K4,False,False,approx,-0.6317,0.0632,3.329,94.555
181,5,26,J,pre-K4,False,False,approx,-0.6585,0.1653,3.329,98.151
182,5,27,D,pre-K4,False,False,approx,-0.68,0.2294,3.329,100.457
183,5,28,F,pre-K4,False,False,approx,-0.7225,0.3319,3.329,104.237
184,5,29,H,pre-K4,False,False,approx,-0.7847,0.449,3.329,108.755
185,5,30,R,pre-K4,False,False,approx,-0.841,0.535,3.329,112.259
186,5,31,R,pre-K4,False,False,approx,,,,
187,6,0,Y,pre-K4,False,False,exact,-2.146,-1.4727,3.2045,7.422
188,6,1,I,pre-K4,False,False,exact,-2.0659,-1.4864,3.2045,10.189
189,6,2,Z,pre-K4,False,False,exact,-1.996,-1.4942,3.2045,12.586
190,6,3,E,pre-K4,False,False,exact,-1.9204,-1.4983,3.2045,15.168
191,6,4,T,pre-K4,False,False,exact,-1.8094,-1.4963,3.2045,18.948
192,6,5,K,pre-K4,False,False,exact,-1.7259,-1.4884,3.2045,21.806
193,6,6,Z,pre-K4,False,False,exact,-1.6113,-1.4685,3.2045,25.771
194,6,7,E,pre-K4,False,False,exact,-1.5378,-1.45,3.2045,28.353
195,6,8,M,pre-K4,False,False,exact,-1.3872,-1.3971,3.2045,33.793
196,6,9,V,pre-K4,False,False,exact,-1.3159,-1.3643,3.2045,36.467
197,6,10,D,pre-K4,False,False,exact,-1.2027,-1.3007,3.2045,40.893
198,6,11,U,pre-K4,False,False,exact,-1.0607,-1.1971,3.2045,46.886
199,6,12,F,pre-K4,False,False,exact,-0.9866,-1.1298,3.2045,50.297
200,6,13,K,pre-K4,False,False,exact,-0.9162,-1.0548,3.2045,53.801
201,6,14,S,pre-K4,False,False,exact,-0.8504,-0.9723,3.2045,57.397
202,6,15,J,pre-K4,False,False,exact,-0.806,-0.9076,3.2045,60.071
203,6,16,H,pre-K4,False,False,exact,-0.7464,-0.8046,3.2045,64.128
204,6,17,K,pre-K4,False,False,exact,-0.7006,-0.7065,3.2045,67.816
205,6,18,F,pre-K4,False,False,exact,-0.6553,-0.579,3.2045,72.426
206,6,19,W,pre-K4,False,False,exact,-0.6299,-0.4794,3.2045,75.93
207,6,20,H,pre-K4,False,False,exact,-0.61,-0.3565,3.2045,80.172
208,6,21,K,pre-K4,False,False,exact,-0.6026,-0.2567,3.2045,83.583
209,6,22,U,pre-K4,False,False,exact,-0.6063,-0.1053,3.2045,88.747
210,6,23,W,pre-K4,False,False,exact,-0.6181,-0.0086,3.2045,92.066
211,6,24,Q,pre-K4,False,False,exact,-0.639,0.0949,3.2045,95.662
212,6,25,L,pre-K4,False,False,exact,-0.6658,0.1885,3.2045,98.981
213,6,26,S,pre-K4,False,False,exact,-0.7049,0.2924,3.2045,102.762
214,6,27,Z,pre-K4,False,False,exact,-0.7477,0.3829,3.2045,106.173
215,6,28,F,pre-K4,False,False,exact,-0.8032,0.4789,3.2045,109.954
216,6,29,T,pre-K4,False,False,exact,-0.849,0.546,3.2045,112.72
217,6,30,I,pre-K4,False,False,exact,-0.9695,0.6884,3.2045,119.082
218,7,0,H,pre-K4,False,False,approx,-2.1194,-1.4778,3.0799,8.344
219,7,1,H,pre-K4,False,False,approx,-2.0095,-1.493,3.0799,12.125
220,7,2,D,pre-K4,False,False,approx,-1.9068,-1.4986,3.0799,15.629
221,7,3,D,pre-K4,False,False,approx,-1.8013,-1.4958,3.0799,19.225
222,7,4,D,pre-K4,False,False,approx,-1.6991,-1.4847,3.0799,22.728
223,7,5,U,pre-K4,False,False,approx,-1.5378,-1.45,3.0799,28.353
224,7,6,V,pre-K4,False,False,approx,-1.4123,-1.4074,3.0799,32.871
225,7,7,H,pre-K4,False,False,approx,-1.3354,-1.3738,3.0799,35.729
226,7,8,?,pre-K4,False,True,approx,-1.2397,-1.3232,3.0799,39.417
227,7,9,D,pre-K4,False,False,approx,-1.1508,-1.2663,3.0799,43.013
228,7,10,W,pre-K4,False,False,approx,-1.0669,-1.2023,3.0799,46.609
229,7,11,K,pre-K4,False,False,approx,-0.9233,-1.063,3.0799,53.432
230,7,12,B,pre-K4,False,False,approx,-0.8585,-0.9832,3.0799,56.936
231,7,13,F,pre-K4,False,False,approx,-0.7916,-0.8847,3.0799,60.993
232,7,14,U,pre-K4,False,False,approx,-0.7439,-0.7998,3.0799,64.312
233,7,15,F,pre-K4,False,False,approx,-0.6905,-0.6814,3.0799,68.738
234,7,16,P,pre-K4,False,False,approx,-0.6545,-0.5765,3.0799,72.519
235,7,17,W,pre-K4,False,False,approx,-0.6256,-0.4582,3.0799,76.668
236,7,18,N,pre-K4,False,False,approx,-0.6077,-0.335,3.0799,80.909
237,7,19,T,pre-K4,False,False,approx,-0.6029,-0.2648,3.0799,83.307
238,7,20,D,pre-K4,False,False,approx,-0.6024,-0.1755,3.0799,86.349
239,7,21,F,pre-K4,False,False,approx,-0.6068,-0.0999,3.0799,88.931
240,7,22,I,pre-K4,False,False,approx,-0.6168,-0.0166,3.0799,91.789
241,7,23,Y,pre-K4,False,False,approx,-0.6346,0.0764,3.0799,95.016
242,7,24,C,pre-K4,False,False,approx,-0.6601,0.1705,3.0799,98.336
243,7,25,U,pre-K4,False,False,approx,-0.7038,0.2899,3.0799,102.669
244,7,26,Q,pre-K4,False,False,approx,-0.7342,0.3563,3.0799,105.159
245,7,27,Z,pre-K4,False,False,approx,-0.7847,0.449,3.0799,108.755
246,7,28,E,pre-K4,False,False,approx,-0.8426,0.5372,3.0799,112.351
247,7,29,R,pre-K4,False,False,approx,-1.0403,0.7553,3.0799,122.401
248,7,30,E,pre-K4,False,False,approx,,,,
249,8,0,E,pre-K4,False,False,exact,-2.1592,-1.4699,2.95,6.961
250,8,1,V,pre-K4,False,False,exact,-2.0525,-1.4882,2.95,10.65
251,8,2,L,pre-K4,False,False,exact,-1.9744,-1.4958,2.95,13.324
252,8,3,D,pre-K4,False,False,exact,-1.8798,-1.4987,2.95,16.551
253,8,4,K,pre-K4,False,False,exact,-1.7743,-1.4937,2.95,20.147
254,8,5,F,pre-K4,False,False,exact,-1.6617,-1.4786,2.95,24.019
255,8,6,E,pre-K4,False,False,exact,-1.5744,-1.4598,2.95,27.062
256,8,7,Z,pre-K4,False,False,exact,-1.4706,-1.429,2.95,30.75
257,8,8,M,pre-K4,False,False,exact,-1.3427,-1.3773,2.95,35.453
258,8,9,O,pre-K4,False,False,exact,-1.2397,-1.3232,2.95,39.417
259,8,10,Q,pre-K4,False,False,exact,-1.1642,-1.2755,2.95,42.46
260,8,11,Q,pre-K4,False,False,exact,-1.0986,-1.2277,2.95,45.226
261,8,12,J,pre-K4,False,False,exact,-0.9637,-1.1067,2.95,51.404
262,8,13,L,pre-K4,False,False,exact,-0.8953,-1.03,2.95,54.908
263,8,14,T,pre-K4,False,False,exact,-0.8331,-0.9481,2.95,58.411
264,8,15,T,pre-K4,False,False,exact,-0.7832,-0.8708,2.95,61.546
265,8,16,U,pre-K4,False,False,exact,-0.7366,-0.7853,2.95,64.866
266,8,17,G,pre-K4,False,False,exact,-0.6915,-0.6839,2.95,68.646
267,8,18,S,pre-K4,False,False,exact,-0.66,-0.5946,2.95,71.873
268,8,19,Y,pre-K4,False,False,exact,-0.639,-0.519,2.95,74.547
269,8,20,Q,pre-K4,False,False,exact,-0.6164,-0.4048,2.95,78.512
270,8,21,P,pre-K4,False,False,exact,-0.6052,-0.3053,2.95,81.923
271,8,22,F,pre-K4,False,False,exact,-0.6019,-0.208,2.95,85.243
272,8,23,E,pre-K4,False,False,exact,-0.6063,-0.1053,2.95,88.747
273,8,24,U,pre-K4,False,False,exact,-0.6198,0.0021,2.95,92.435
274,8,25,N,pre-K4,False,False,exact,-0.6423,0.108,2.95,96.123
275,8,26,L,pre-K4,False,False,exact,-0.6791,0.2269,2.95,100.364
276,8,27,A,pre-K4,False,False,exact,-0.7081,0.2998,2.95,103.038
277,8,28,V,pre-K4,False,False,exact,-0.7477,0.3829,2.95,106.173
278,8,29,I,pre-K4,False,False,exact,-0.7989,0.4721,2.95,109.677
279,8,30,D,pre-K4,False,False,exact,-0.8426,0.5372,2.95,112.351
280,8,31,X,pre-K4,False,False,exact,-0.9658,0.6845,2.95,118.897
281,9,0,F,pre-K4,False,False,approx,-2.1566,-1.4705,2.8282,7.054
282,9,1,L,pre-K4,False,False,approx,-2.0633,-1.4868,2.8282,10.281
283,9,2,G,pre-K4,False,False,approx,-1.9744,-1.4958,2.8282,13.324
284,9,3,G,pre-K4,False,False,approx,-1.8662,-1.4985,2.8282,17.012
285,9,4,T,pre-K4,False,False,approx,-1.7555,-1.4918,2.8282,20.792
286,9,5,E,pre-K4,False,False,approx,-1.6777,-1.4813,2.8282,23.466
287,9,6,Z,pre-K4,False,False,approx,-1.5718,-1.4591,2.8282,27.154
288,9,7,?,pre-K4,False,True,approx,-1.4989,-1.4383,2.8282,29.736
289,9,8,F,pre-K4,False,False,approx,-1.4325,-1.4152,2.8282,32.133
290,9,9,K,pre-K4,False,False,approx,-1.3305,-1.3715,2.8282,35.914
291,9,10,Z,pre-K4,False,False,approx,-1.2234,-1.3135,2.8282,40.063
292,9,11,B,pre-K4,False,False,approx,-1.1267,-1.249,2.8282,44.028
293,9,12,S,pre-K4,False,False,approx,-1.0649,-1.2006,2.8282,46.701
294,9,13,F,pre-K4,False,False,approx,-0.9944,-1.1373,2.8282,49.929
295,9,14,D,pre-K4,False,False,approx,-0.897,-1.0321,2.8282,54.815
296,9,15,Q,pre-K4,False,False,approx,-0.8457,-0.9657,2.8282,57.674
297,9,16,V,pre-K4,False,False,approx,-0.7805,-0.8661,2.8282,61.731
298,9,17,G,pre-K4,False,False,approx,-0.7378,-0.7877,2.8282,64.773
299,9,18,O,pre-K4,False,False,approx,-0.6955,-0.694,2.8282,68.277
300,9,19,G,pre-K4,False,False,approx,-0.6624,-0.6023,2.8282,71.597
301,9,20,I,pre-K4,False,False,approx,-0.6358,-0.5058,2.8282,75.008
302,9,21,P,pre-K4,False,False,approx,-0.6221,-0.4396,2.8282,77.313
303,9,22,U,pre-K4,False,False,approx,-0.6091,-0.3485,2.8282,80.448
304,9,23,F,pre-K4,False,False,approx,-0.6021,-0.2351,2.8282,84.321
305,9,24,X,pre-K4,False,False,approx,-0.6049,-0.1242,2.8282,88.101
306,9,25,H,pre-K4,False,False,approx,-0.6148,-0.03,2.8282,91.328
307,9,26,H,pre-K4,False,False,approx,-0.6371,0.087,2.8282,95.385
308,9,27,D,pre-K4,False,False,approx,-0.6828,0.2371,2.8282,100.733
309,9,28,R,pre-K4,False,False,approx,-0.7103,0.3048,2.8282,103.223
310,9,29,K,pre-K4,False,False,approx,-0.7605,0.4067,2.8282,107.095
311,9,30,F,pre-K4,False,False,approx,-0.818,0.5016,2.8282,110.876
312,10,0,F,pre-K4,False,False,exact,-2.1592,-1.4699,2.7009,6.961
313,10,1,H,pre-K4,False,False,exact,-2.0176,-1.4922,2.7009,11.848
314,10,2,Q,pre-K4,False,False,exact,-1.9258,-1.4982,2.7009,14.983
315,10,3,N,pre-K4,False,False,exact,-1.8365,-1.4977,2.7009,18.026
316,10,4,T,pre-K4,False,False,exact,-1.7232,-1.4881,2.7009,21.899
317,10,5,G,pre-K4,False,False,exact,-1.6431,-1.4751,2.7009,24.665
318,10,6,P,pre-K4,False,False,exact,-1.5482,-1.4529,2.7009,27.984
319,10,7,U,pre-K4,False,False,exact,-1.4502,-1.4218,2.7009,31.488
320,10,8,A,pre-K4,False,False,exact,-1.3305,-1.3715,2.7009,35.914
321,10,9,E,pre-K4,False,False,exact,-1.2562,-1.3326,2.7009,38.772
322,10,10,C,pre-K4,False,False,exact,-1.1799,-1.2861,2.7009,41.815
323,10,11,N,pre-K4,False,False,exact,-1.0922,-1.2227,2.7009,45.503
324,10,12,U,pre-K4,False,False,exact,-1.014,-1.1559,2.7009,49.007
325,10,13,V,pre-K4,False,False,exact,-0.9342,-1.0751,2.7009,52.879
326,10,14,P,pre-K4,False,False,exact,-0.8816,-1.0132,2.7009,55.645
327,10,15,D,pre-K4,False,False,exact,-0.8016,-0.9008,2.7009,60.348
328,10,16,J,pre-K4,False,False,exact,-0.7591,-0.8285,2.7009,63.206
329,10,17,M,pre-K4,False,False,exact,-0.7006,-0.7065,2.7009,67.816
330,10,18,Q,pre-K4,False,False,exact,-0.6443,-0.54,2.7009,73.809
331,10,19,C,pre-K4,False,False,exact,-0.6241,-0.4502,2.7009,76.944
332,10,20,L,pre-K4,False,False,exact,-0.6097,-0.3539,2.7009,80.264
333,10,21,Q,pre-K4,False,False,exact,-0.6024,-0.2513,2.7009,83.768
334,10,22,U,pre-K4,False,False,exact,-0.6088,-0.0783,2.7009,89.669
335,10,23,M,pre-K4,False,False,exact,-0.6403,0.1001,2.7009,95.846
336,10,24,U,pre-K4,False,False,exact,-0.671,0.2039,2.7009,99.534
337,10,25,N,pre-K4,False,False,exact,-0.726,0.3392,2.7009,104.514
338,10,26,E,pre-K4,False,False,exact,-0.7592,0.4043,2.7009,107.003
339,10,27,D,pre-K4,False,False,exact,-0.8105,0.4903,2.7009,110.415
340,10,28,F,pre-K4,False,False,exact,-0.9868,0.7056,2.7009,119.912
341,10,29,Q,pre-K4,False,False,exact,-1.0588,0.7712,2.7009,123.231
342,11,0,E,pre-K4,False,False,approx,-2.1566,-1.4705,2.5737,7.054
343,11,1,L,pre-K4,False,False,approx,-2.0633,-1.4868,2.5737,10.281
344,11,2,Z,pre-K4,False,False,approx,-1.9555,-1.497,2.5737,13.969
345,11,3,Z,pre-K4,False,False,approx,-1.8635,-1.4985,2.5737,17.104
346,11,4,V,pre-K4,False,False,approx,-1.7878,-1.4948,2.5737,19.686
347,11,5,R,pre-K4,False,False,approx,-1.6724,-1.4805,2.5737,23.65
348,11,6,R,pre-K4,False,False,approx,-1.5665,-1.4578,2.5737,27.339
349,11,7,G,pre-K4,False,False,approx,-1.4912,-1.4359,2.5737,30.012
350,11,8,K,pre-K4,False,False,approx,-1.3848,-1.396,2.5737,33.885
351,11,9,F,pre-K4,False,False,approx,-1.2918,-1.352,2.5737,37.389
352,11,10,F,pre-K4,False,False,approx,-1.205,-1.3022,2.5737,40.8
353,11,11,V,pre-K4,False,False,approx,-1.1201,-1.2441,2.5737,44.304
354,11,12,O,pre-K4,False,False,approx,-1.0566,-1.1936,2.5737,47.07
355,11,13,E,pre-K4,False,False,approx,-0.977,-1.1202,2.5737,50.758
356,11,14,E,pre-K4,False,False,approx,-0.9057,-1.0425,2.5737,54.354
357,11,15,X,pre-K4,False,False,approx,-0.8394,-0.9569,2.5737,58.043
358,11,16,B,pre-K4,False,False,approx,-0.7656,-0.8403,2.5737,62.745
359,11,17,D,pre-K4,False,False,approx,-0.7213,-0.7536,2.5737,66.064
360,11,18,M,pre-K4,False,False,approx,-0.6718,-0.6306,2.5737,70.582
361,11,19,V,pre-K4,False,False,approx,-0.6478,-0.553,2.5737,73.348
362,11,20,P,pre-K4,False,False,approx,-0.6266,-0.4635,2.5737,76.483
363,11,21,N,pre-K4,False,False,approx,-0.6112,-0.3673,2.5737,79.803
364,11,22,F,pre-K4,False,False,approx,-0.6024,-0.2513,2.5737,83.768
365,11,23,Q,pre-K4,False,False,approx,-0.6029,-0.1593,2.5737,86.902
366,11,24,X,pre-K4,False,False,approx,-0.6144,-0.0326,2.5737,91.236
367,11,25,E,pre-K4,False,False,approx,-0.6317,0.0632,2.5737,94.555
368,11,26,Z,pre-K4,False,False,approx,-0.6625,0.1782,2.5737,98.612
369,11,27,L,pre-K4,False,False,approx,-0.6876,0.2497,2.5737,101.194
370,11,28,G,pre-K4,False,False,approx,-0.7272,0.3417,2.5737,104.606
371,11,29,R,pre-K4,False,False,approx,-0.7917,0.4606,2.5737,109.216
372,11,30,E,pre-K4,False,False,approx,-0.8363,0.5284,2.5737,111.982
373,12,0,D,pre-K4,False,False,exact,-2.1247,-1.4768,2.4518,8.16
374,12,1,N,pre-K4,False,False,exact,-2.0552,-1.4879,2.4518,10.557
375,12,2,Q,pre-K4,False,False,exact,-1.9176,-1.4984,2.4518,15.26
376,12,3,F,pre-K4,False,False,exact,-1.8311,-1.4974,2.4518,18.21
377,12,4,M,pre-K4,False,False,exact,-1.6804,-1.4818,2.4518,23.374
378,12,5,P,pre-K4,False,False,exact,-1.6113,-1.4685,2.4518,25.771
379,12,6,N,pre-K4,False,False,exact,-1.5248,-1.4463,2.4518,28.814
380,12,7,Z,pre-K4,False,False,exact,-1.4022,-1.4033,2.4518,33.24
381,12,8,G,pre-K4,False,False,exact,-1.3305,-1.3715,2.4518,35.914
382,12,9,L,pre-K4,False,False,exact,-1.2444,-1.3259,2.4518,39.233
383,12,10,F,pre-K4,False,False,exact,-1.1553,-1.2694,2.4518,42.829
384,12,11,L,pre-K4,False,False,exact,-1.0816,-1.2143,2.4518,45.964
385,12,12,P,pre-K4,False,False,exact,-1.0101,-1.1522,2.4518,49.191
386,12,13,M,pre-K4,False,False,exact,-0.9022,-1.0383,2.4518,54.539
387,12,14,R,pre-K4,False,False,exact,-0.8378,-0.9547,2.4518,58.135
388,12,15,J,pre-K4,False,False,exact,-0.7846,-0.8731,2.4518,61.454
389,12,16,Q,pre-K4,False,False,exact,-0.7501,-0.8118,2.4518,63.851
390,12,17,Y,pre-K4,False,False,exact,-0.7006,-0.7065,2.4518,67.816
391,12,18,A,pre-K4,False,False,exact,-0.6649,-0.6101,2.4518,71.32
392,12,19,L,pre-K4,False,False,exact,-0.6416,-0.5295,2.4518,74.178
393,12,20,M,pre-K4,False,False,exact,-0.6116,-0.37,2.4518,79.711
394,12,21,G,pre-K4,False,False,exact,-0.6019,-0.2026,2.4518,85.427
395,12,22,N,pre-K4,False,False,exact,-0.6068,-0.0999,2.4518,88.931
396,12,23,U,pre-K4,False,False,exact,-0.6212,0.0101,2.4518,92.711
397,12,24,V,pre-K4,False,False,exact,-0.6397,0.0975,2.4518,95.754
398,12,25,P,pre-K4,False,False,exact,-0.6782,0.2243,2.4518,100.272
399,12,26,D,pre-K4,False,False,exact,-0.7049,0.2924,2.4518,102.762
400,12,27,X,pre-K4,False,False,exact,-0.7477,0.3829,2.4518,106.173
401,12,28,V,pre-K4,False,False,exact,-0.7931,0.4629,2.4518,109.308
402,12,29,K,pre-K4,False,False,exact,-0.8506,0.5482,2.4518,112.812
403,12,30,P,pre-K4,False,False,exact,-0.9583,0.6767,2.4518,118.529
404,13,0,D,pre-K4,False,False,approx,-2.1194,-1.4778,2.3192,8.344
405,13,1,Q,pre-K4,False,False,approx,-2.0257,-1.4914,2.3192,11.572
406,13,2,U,pre-K4,False,False,approx,-1.9528,-1.4971,2.3192,14.061
407,13,3,M,pre-K4,False,False,approx,-1.7959,-1.4954,2.3192,19.409
408,13,4,E,pre-K4,False,False,approx,-1.7259,-1.4884,2.3192,21.806
409,13,5,B,pre-K4,False,False,approx,-1.53,-1.4478,2.3192,28.629
410,13,6,E,pre-K4,False,False,approx,-1.3947,-1.4002,2.3192,33.516
411,13,7,D,pre-K4,False,False,approx,-1.2894,-1.3508,2.3192,37.481
412,13,8,M,pre-K4,False,False,approx,-1.1913,-1.2935,2.3192,41.354
413,13,9,H,pre-K4,False,False,approx,-1.1007,-1.2294,2.3192,45.134
414,13,10,D,pre-K4,False,False,approx,-1.0361,-1.1759,2.3192,47.992
415,13,11,A,pre-K4,False,False,approx,-0.9732,-1.1164,2.3192,50.943
416,13,12,F,pre-K4,False,False,approx,-0.8716,-1.0004,2.3192,56.198
417,13,13,M,pre-K4,False,False,approx,-0.8224,-0.9325,2.3192,59.057
418,13,14,J,pre-K4,False,False,approx,-0.7294,-0.7707,2.3192,65.419
419,13,15,G,pre-K4,False,False,approx,-0.6975,-0.699,2.3192,68.093
420,13,16,Z,pre-K4,False,False,approx,-0.6633,-0.6049,2.3192,71.504
421,13,17,N,pre-K4,False,False,approx,-0.6352,-0.5032,2.3192,75.1
422,13,18,U,pre-K4,False,False,approx,-0.6168,-0.4075,2.3192,78.42
423,13,19,P,pre-K4,False,False,approx,-0.6061,-0.3161,2.3192,81.555
424,13,20,L,pre-K4,False,False,approx,-0.6019,-0.2161,2.3192,84.966
425,13,21,G,pre-K4,False,False,approx,-0.6088,-0.0783,2.3192,89.669
426,13,22,E,pre-K4,False,False,approx,-0.6246,0.0288,2.3192,93.357
427,13,23,W,pre-K4,False,False,approx,-0.639,0.0949,2.3192,95.662
428,13,24,J,pre-K4,False,False,approx,-0.6658,0.1885,2.3192,98.981
429,13,25,L,pre-K4,False,False,approx,-0.7081,0.2998,2.3192,103.038
430,13,26,L,pre-K4,False,False,approx,-0.7452,0.3781,2.3192,105.989
431,13,27,A,pre-K4,False,False,approx,-0.8003,0.4743,2.3192,109.769
432,13,28,E,pre-K4,False,False,approx,-0.8442,0.5394,2.3192,112.443
433,13,29,T,pre-K4,False,False,approx,-0.9868,0.7056,2.3192,119.912
434,13,30,G,pre-K4,False,False,approx,,,,
435,14,0,E,pre-K4,False,False,approx,-2.1645,-1.4688,2.1649,6.777
436,14,1,N,pre-K4,False,False,approx,-2.0793,-1.4845,2.1649,9.728
437,14,2,D,pre-K4,False,False,approx,-1.8608,-1.4984,2.1649,17.196
438,14,3,Y,pre-K4,False,False,approx,-1.742,-1.4904,2.1649,21.253
439,14,4,A,pre-K4,False,False,approx,-1.6034,-1.4667,2.1649,26.048
440,14,5,H,pre-K4,False,False,approx,-1.5326,-1.4485,2.1649,28.537
441,14,6,R,pre-K4,False,False,approx,-1.4451,-1.4199,2.1649,31.672
442,14,7,O,pre-K4,False,False,approx,-1.36,-1.3852,2.1649,34.807
443,14,8,H,pre-K4,False,False,approx,-1.2514,-1.33,2.1649,38.956
444,14,9,N,pre-K4,False,False,approx,-1.162,-1.274,2.1649,42.552
445,14,10,L,pre-K4,False,False,approx,-1.0753,-1.2092,2.1649,46.24
446,14,11,S,pre-K4,False,False,approx,-0.947,-1.089,2.1649,52.234
447,14,12,R,pre-K4,False,False,approx,-0.87,-0.9983,2.1649,56.291
448,14,13,H,pre-K4,False,False,approx,-0.8149,-0.9212,2.1649,59.518
449,14,14,E,pre-K4,False,False,approx,-0.7527,-0.8166,2.1649,63.667
450,14,15,O,pre-K4,False,False,approx,-0.7113,-0.7314,2.1649,66.894
451,14,16,C,pre-K4,False,False,approx,-0.6727,-0.6331,2.1649,70.49
452,14,17,P,pre-K4,False,False,approx,-0.6478,-0.553,2.1649,73.348
453,14,18,T,pre-K4,False,False,approx,-0.6261,-0.4608,2.1649,76.576
454,14,19,E,pre-K4,False,False,approx,-0.6103,-0.3592,2.1649,80.079
455,14,20,O,pre-K4,False,False,approx,-0.6028,-0.2621,2.1649,83.399
456,14,21,I,pre-K4,False,False,approx,-0.604,-0.1377,2.1649,87.64
457,14,22,B,pre-K4,False,False,approx,-0.616,-0.0219,2.1649,91.605
458,14,23,I,pre-K4,False,False,approx,-0.6346,0.0764,2.1649,95.016
459,14,24,D,pre-K4,False,False,approx,-0.6561,0.1575,2.1649,97.875
460,14,25,Y,pre-K4,False,False,approx,-0.6966,0.2724,2.1649,102.024
461,14,26,S,pre-K4,False,False,approx,-0.7553,0.3972,2.1649,106.726
462,14,27,H,pre-K4,False,False,approx,-0.7974,0.4698,2.1649,109.585
463,14,28,N,pre-K4,False,False,approx,-0.8474,0.5438,2.1649,112.627
464,14,29,A,pre-K4,False,False,approx,-0.9583,0.6767,2.1649,118.529
465,14,30,I,pre-K4,False,False,approx,,,,
466,14,31,A,pre-K4,False,False,approx,,,,
467,15,0,C,pre-K4,False,False,approx,-2.1592,-1.4699,2.043,6.961
468,15,1,H,pre-K4,False,False,approx,-2.0257,-1.4914,2.043,11.572
469,15,2,T,pre-K4,False,False,approx,-1.9528,-1.4971,2.043,14.061
470,15,3,N,pre-K4,False,False,approx,-1.8689,-1.4986,2.043,16.919
471,15,4,R,pre-K4,False,False,approx,-1.7259,-1.4884,2.043,21.806
472,15,5,E,pre-K4,False,False,approx,-1.6537,-1.4771,2.043,24.296
473,15,6,Y,pre-K4,False,False,approx,-1.5535,-1.4544,2.043,27.8
474,15,7,U,pre-K4,False,False,approx,-1.4758,-1.4307,2.043,30.566
475,15,8,L,pre-K4,False,False,approx,-1.3773,-1.3928,2.043,34.162
476,15,9,D,pre-K4,False,False,approx,-1.2491,-1.3286,2.043,39.048
477,15,10,S,pre-K4,False,False,approx,-1.1799,-1.2861,2.043,41.815
478,15,11,L,pre-K4,False,False,approx,-1.1201,-1.2441,2.043,44.304
479,15,12,L,pre-K4,False,False,approx,-1.0463,-1.1848,2.043,47.531
480,15,13,S,pre-K4,False,False,approx,-0.9216,-1.0609,2.043,53.525
481,15,14,L,pre-K4,False,False,approx,-0.8617,-0.9875,2.043,56.752
482,15,15,L,pre-K4,False,False,approx,-0.8002,-0.8985,2.043,60.44
483,15,16,N,pre-K4,False,False,approx,-0.7439,-0.7998,2.043,64.312
484,15,17,O,pre-K4,False,False,approx,-0.6985,-0.7015,2.043,68.001
485,15,18,H,pre-K4,False,False,approx,-0.6584,-0.5894,2.043,72.058
486,15,19,S,pre-K4,False,False,approx,-0.6364,-0.5084,2.043,74.916
487,15,20,N,pre-K4,False,False,approx,-0.6156,-0.3995,2.043,78.696
488,15,21,O,pre-K4,False,False,approx,-0.6043,-0.2918,2.043,82.384
489,15,22,S,pre-K4,False,False,approx,-0.6032,-0.1539,2.043,87.087
490,15,23,M,pre-K4,False,False,approx,-0.6123,-0.0487,2.043,90.683
491,15,24,R,pre-K4,False,False,approx,-0.634,0.0738,2.043,94.924
492,15,25,W,pre-K4,False,False,approx,-0.6684,0.1962,2.043,99.258
493,15,26,X,pre-K4,False,False,approx,-0.7038,0.2899,2.043,102.669
494,15,27,M,pre-K4,False,False,approx,-0.7618,0.4091,2.043,107.187
495,15,28,N,pre-K4,False,False,approx,-0.8225,0.5083,2.043,111.152
496,15,29,E,pre-K4,False,False,approx,,,,
497,16,0,T,pre-K4,False,False,approx,-2.146,-1.4727,1.9131,7.422
498,16,1,P,pre-K4,False,False,approx,-2.0633,-1.4868,1.9131,10.281
499,16,2,R,pre-K4,False,False,approx,-1.9393,-1.4977,1.9131,14.522
500,16,3,N,pre-K4,False,False,approx,-1.8662,-1.4985,1.9131,17.012
501,16,4,G,pre-K4,False,False,approx,-1.7474,-1.491,1.9131,21.069
502,16,5,A,pre-K4,False,False,approx,-1.6245,-1.4714,1.9131,25.31
503,16,6,T,pre-K4,False,False,approx,-1.5404,-1.4508,1.9131,28.261
504,16,7,I,pre-K4,False,False,approx,-1.4706,-1.429,1.9131,30.75
505,16,8,H,pre-K4,False,False,approx,-1.3624,-1.3863,1.9131,34.715
506,16,9,N,pre-K4,False,False,approx,-1.287,-1.3495,1.9131,37.573
507,16,10,R,pre-K4,False,False,approx,-1.1687,-1.2786,1.9131,42.276
508,16,11,A,pre-K4,False,False,approx,-1.0795,-1.2126,1.9131,46.056
509,16,12,R,pre-K4,False,False,approx,-0.9924,-1.1354,1.9131,50.021
510,16,13,P,pre-K4,False,False,approx,-0.9396,-1.0811,1.9131,52.603
511,16,14,E,pre-K4,False,False,approx,-0.8749,-1.0047,1.9131,56.014
512,16,15,S,pre-K4,False,False,approx,-0.809,-0.9122,1.9131,59.887
513,16,16,L,pre-K4,False,False,approx,-0.7604,-0.8308,1.9131,63.114
514,16,17,N,pre-K4,False,False,approx,-0.7157,-0.7413,1.9131,66.525
515,16,18,N,pre-K4,False,False,approx,-0.6763,-0.6434,1.9131,70.121
516,16,19,E,pre-K4,False,False,approx,-0.6416,-0.5295,1.9131,74.178
517,16,20,L,pre-K4,False,False,approx,-0.6207,-0.4316,1.9131,77.59
518,16,21,E,pre-K4,False,False,approx,-0.607,-0.3269,1.9131,81.186
519,16,22,B,pre-K4,False,False,approx,-0.602,-0.1918,1.9131,85.796
520,16,23,L,pre-K4,False,False,approx,-0.6052,-0.1188,1.9131,88.286
521,16,24,P,pre-K4,False,False,approx,-0.6168,-0.0166,1.9131,91.789
522,16,25,I,pre-K4,False,False,approx,-0.6371,0.087,1.9131,95.385
523,16,26,I,pre-K4,False,False,approx,-0.6553,0.1549,1.9131,97.783
524,16,27,A,pre-K4,False,False,approx,-0.6876,0.2497,1.9131,101.194
525,16,28,C,pre-K4,False,False,approx,-0.718,0.3221,1.9131,103.868
526,16,29,A,pre-K4,False,False,approx,-0.7751,0.4327,1.9131,108.109
527,16,30,E,pre-K4,False,False,approx,-0.821,0.5061,1.9131,111.06
528,17,0,W,pre-K4,False,False,approx,-2.1167,-1.4783,1.7886,8.437
529,17,1,M,pre-K4,False,False,approx,-1.9609,-1.4967,1.7886,13.785
530,17,2,T,pre-K4,False,False,approx,-1.877,-1.4987,1.7886,16.643
531,17,3,W,pre-K4,False,False,approx,-1.7501,-1.4913,1.7886,20.976
532,17,4,N,pre-K4,False,False,approx,-1.6511,-1.4766,1.7886,24.388
533,17,5,D,pre-K4,False,False,approx,-1.5508,-1.4536,1.7886,27.892
534,17,6,I,pre-K4,False,False,approx,-1.463,-1.4263,1.7886,31.027
535,17,7,T,pre-K4,False,False,approx,-1.3823,-1.395,1.7886,33.977
536,17,8,E,pre-K4,False,False,approx,-1.2966,-1.3545,1.7886,37.204
537,17,9,E,pre-K4,False,False,approx,-1.2073,-1.3036,1.7886,40.708
538,17,10,N,pre-K4,False,False,approx,-1.1201,-1.2441,1.7886,44.304
539,17,11,R,pre-K4,False,False,approx,-1.014,-1.1559,1.7886,49.007
540,17,12,A,pre-K4,False,False,approx,-0.9415,-1.0831,1.7886,52.51
541,17,13,H,pre-K4,False,False,approx,-0.8585,-0.9832,1.7886,56.936
542,17,14,C,pre-K4,False,False,approx,-0.8149,-0.9212,1.7886,59.518
543,17,15,T,pre-K4,False,False,approx,-0.7539,-0.8189,1.7886,63.575
544,17,16,E,pre-K4,False,False,approx,-0.7157,-0.7413,1.7886,66.525
545,17,17,N,pre-K4,False,False,approx,-0.679,-0.651,1.7886,69.845
546,17,18,E,pre-K4,False,False,approx,-0.6436,-0.5373,1.7886,73.902
547,17,19,U,pre-K4,False,False,approx,-0.6216,-0.4369,1.7886,77.405
548,17,20,D,pre-K4,False,False,approx,-0.6077,-0.335,1.7886,80.909
549,17,21,R,pre-K4,False,False,approx,-0.6021,-0.2351,1.7886,84.321
550,17,22,E,pre-K4,False,False,approx,-0.6047,-0.1269,1.7886,88.009
551,17,23,T,pre-K4,False,False,approx,-0.6168,-0.0166,1.7886,91.789
552,17,24,N,pre-K4,False,False,approx,-0.6346,0.0764,1.7886,95.016
553,17,25,H,pre-K4,False,False,approx,-0.6642,0.1834,1.7886,98.797
554,17,26,A,pre-K4,False,False,approx,-0.7125,0.3097,1.7886,103.407
555,17,27,E,pre-K4,False,False,approx,-0.749,0.3853,1.7886,106.265
556,17,28,O,pre-K4,False,False,approx,-0.7875,0.4536,1.7886,108.939
557,17,29,E,pre-K4,False,False,approx,-0.8474,0.5438,1.7886,112.627
558,18,0,T,pre-K4,False,False,approx,-2.146,-1.4727,1.6667,7.422
559,18,1,F,pre-K4,False,False,approx,-2.0606,-1.4872,1.6667,10.373
560,18,2,O,pre-K4,False,False,approx,-1.9744,-1.4958,1.6667,13.324
561,18,3,L,pre-K4,False,False,approx,-1.8825,-1.4987,1.6667,16.458
562,18,4,S,pre-K4,False,False,approx,-1.7717,-1.4934,1.6667,20.239
563,18,5,E,pre-K4,False,False,approx,-1.6991,-1.4847,1.6667,22.728
564,18,6,D,pre-K4,False,False,approx,-1.5692,-1.4585,1.6667,27.246
565,18,7,T,pre-K4,False,False,approx,-1.4912,-1.4359,1.6667,30.012
566,18,8,I,pre-K4,False,False,approx,-1.4224,-1.4113,1.6667,32.502
567,18,9,W,pre-K4,False,False,approx,-1.3208,-1.3667,1.6667,36.282
568,18,10,E,pre-K4,False,False,approx,-1.2281,-1.3163,1.6667,39.878
569,18,11,N,pre-K4,False,False,approx,-1.1486,-1.2648,1.6667,43.105
570,18,12,H,pre-K4,False,False,approx,-1.0586,-1.1954,1.6667,46.978
571,18,13,A,pre-K4,False,False,approx,-0.96,-1.1028,1.6667,51.588
572,18,14,E,pre-K4,False,False,approx,-0.9022,-1.0383,1.6667,54.539
573,18,15,I,pre-K4,False,False,approx,-0.8457,-0.9657,1.6667,57.674
574,18,16,O,pre-K4,False,False,approx,-0.8075,-0.9099,1.6667,59.979
575,18,17,Y,pre-K4,False,False,approx,-0.7476,-0.807,1.6667,64.036
576,18,18,T,pre-K4,False,False,approx,-0.7038,-0.714,1.6667,67.54
577,18,19,E,pre-K4,False,False,approx,-0.6718,-0.6306,1.6667,70.582
578,18,20,Y,pre-K4,False,False,approx,-0.6403,-0.5242,1.6667,74.363
579,18,21,Q,pre-K4,False,False,approx,-0.6221,-0.4396,1.6667,77.313
580,18,22,H,pre-K4,False,False,approx,-0.6072,-0.3296,1.6667,81.094
581,18,23,E,pre-K4,False,False,approx,-0.6019,-0.2215,1.6667,84.782
582,18,24,E,pre-K4,False,False,approx,-0.6054,-0.1161,1.6667,88.378
583,18,25,N,pre-K4,False,False,approx,-0.6164,-0.0193,1.6667,91.697
584,18,26,C,pre-K4,False,False,approx,-0.6352,0.0791,1.6667,95.109
585,18,27,T,pre-K4,False,False,approx,-0.6658,0.1885,1.6667,98.981
586,18,28,A,pre-K4,False,False,approx,-0.706,0.2948,1.6667,102.854
587,18,29,Y,pre-K4,False,False,approx,-0.7452,0.3781,1.6667,105.989
588,18,30,C,pre-K4,False,False,approx,-0.7819,0.4443,1.6667,108.57
589,18,31,R,pre-K4,False,False,approx,-0.8522,0.5503,1.6667,112.904
590,19,0,E,pre-K4,False,False,approx,-2.1566,-1.4705,1.5341,7.054
591,19,1,I,pre-K4,False,False,approx,-2.0633,-1.4868,1.5341,10.281
592,19,2,F,pre-K4,False,False,approx,-1.996,-1.4942,1.5341,12.586
593,19,3,T,pre-K4,False,False,approx,-1.8879,-1.4987,1.5341,16.274
594,19,4,B,pre-K4,False,False,approx,-1.7663,-1.4929,1.5341,20.423
595,19,5,R,pre-K4,False,False,approx,-1.675,-1.4809,1.5341,23.558
596,19,6,S,pre-K4,False,False,approx,-1.5875,-1.463,1.5341,26.601
597,19,7,P,pre-K4,False,False,approx,-1.5144,-1.4432,1.5341,29.183
598,19,8,A,pre-K4,False,False,approx,-1.4123,-1.4074,1.5341,32.871
599,19,9,M,pre-K4,False,False,approx,-1.2822,-1.347,1.5341,37.758
600,19,10,H,pre-K4,False,False,approx,-1.2234,-1.3135,1.5341,40.063
601,19,11,H,pre-K4,False,False,approx,-1.0922,-1.2227,1.5341,45.503
602,19,12,E,pre-K4,False,False,approx,-1.0341,-1.1741,1.5341,48.085
603,19,13,W,pre-K4,False,False,approx,-0.936,-1.0771,1.5341,52.787
604,19,14,E,pre-K4,False,False,approx,-0.8667,-0.994,1.5341,56.475
605,19,15,N,pre-K4,False,False,approx,-0.8046,-0.9053,1.5341,60.163
606,19,16,A,pre-K4,False,False,approx,-0.7366,-0.7853,1.5341,64.866
607,19,17,T,pre-K4,False,False,approx,-0.7006,-0.7065,1.5341,67.816
608,19,18,A,pre-K4,False,False,approx,-0.6641,-0.6075,1.5341,71.412
609,19,19,M,pre-K4,False,False,approx,-0.6272,-0.4661,1.5341,76.391
610,19,20,A,pre-K4,False,False,approx,-0.6112,-0.3673,1.5341,79.803
611,19,21,T,pre-K4,False,False,approx,-0.6034,-0.2756,1.5341,82.938
612,19,22,E,pre-K4,False,False,approx,-0.6022,-0.1809,1.5341,86.165
613,19,23,G,pre-K4,False,False,approx,-0.6086,-0.081,1.5341,89.576
614,19,24,Y,pre-K4,False,False,approx,-0.6262,0.0367,1.5341,93.633
615,19,25,E,pre-K4,False,False,approx,-0.6486,0.1315,1.5341,96.953
616,19,26,E,pre-K4,False,False,approx,-0.6819,0.2345,1.5341,100.641
617,19,27,R,pre-K4,False,False,approx,-0.7214,0.3294,1.5341,104.145
618,19,28,L,pre-K4,False,False,approx,-0.767,0.4186,1.5341,107.556
619,19,29,B,pre-K4,False,False,approx,-0.841,0.535,1.5341,112.259
620,20,0,T,pre-K4,False,False,exact,-2.146,-1.4727,1.4095,7.422
621,20,1,E,pre-K4,False,False,exact,-2.0606,-1.4872,1.4095,10.373
622,20,2,E,pre-K4,False,False,exact,-1.9582,-1.4968,1.4095,13.877
623,20,3,F,pre-K4,False,False,exact,-1.8608,-1.4984,1.4095,17.196
624,20,4,O,pre-K4,False,False,exact,-1.734,-1.4894,1.4095,21.53
625,20,5,A,pre-K4,False,False,exact,-1.6511,-1.4766,1.4095,24.388
626,20,6,S,pre-K4,False,False,exact,-1.5692,-1.4585,1.4095,27.246
627,20,7,F,pre-K4,False,False,exact,-1.4886,-1.435,1.4095,30.105
628,20,8,I,pre-K4,False,False,exact,-1.4047,-1.4043,1.4095,33.147
629,20,9,O,pre-K4,False,False,exact,-1.3135,-1.3631,1.4095,36.559
630,20,10,T,pre-K4,False,False,exact,-1.2444,-1.3259,1.4095,39.233
631,20,11,U,pre-K4,False,False,exact,-1.1754,-1.2831,1.4095,41.999
632,20,12,E,pre-K4,False,False,exact,-1.0901,-1.2211,1.4095,45.595
633,20,13,T,pre-K4,False,False,exact,-1.0042,-1.1467,1.4095,49.468
634,20,14,U,pre-K4,False,False,exact,-0.9451,-1.0871,1.4095,52.326
635,20,15,A,pre-K4,False,False,exact,-0.87,-0.9983,1.4095,56.291
636,20,16,E,pre-K4,False,False,exact,-0.8179,-0.9257,1.4095,59.333
637,20,17,O,pre-K4,False,False,exact,-0.7683,-0.845,1.4095,62.561
638,20,18,T,pre-K4,False,False,exact,-0.7157,-0.7413,1.4095,66.525
639,20,19,O,pre-K4,False,False,exact,-0.6885,-0.6764,1.4095,68.923
640,20,20,A,pre-K4,False,False,exact,-0.65,-0.5608,1.4095,73.072
641,20,21,R,pre-K4,False,False,exact,-0.6294,-0.4768,1.4095,76.022
642,20,22,M,pre-K4,False,False,exact,-0.6056,-0.3107,1.4095,81.739
643,20,23,A,pre-K4,False,False,exact,-0.6019,-0.2188,1.4095,84.874
644,20,24,E,pre-K4,False,False,exact,-0.6047,-0.1269,1.4095,88.009
645,20,25,E,pre-K4,False,False,exact,-0.616,-0.0219,1.4095,91.605
646,20,26,R,pre-K4,False,False,exact,-0.6377,0.0896,1.4095,95.477
647,20,27,T,pre-K4,False,False,exact,-0.6701,0.2014,1.4095,99.442
648,20,28,N,pre-K4,False,False,exact,-0.7028,0.2874,1.4095,102.577
649,20,29,R,pre-K4,False,False,exact,-0.7515,0.39,1.4095,106.45
650,20,30,T,pre-K4,False,False,exact,-0.812,0.4926,1.4095,110.507
651,20,31,I,pre-K4,False,False,exact,-0.8586,0.559,1.4095,113.273
652,21,0,B,pre-K4,False,False,exact,-2.122,-1.4773,1.2823,8.252
653,21,1,S,pre-K4,False,False,exact,-2.0445,-1.4892,1.2823,10.926
654,21,2,E,pre-K4,False,False,exact,-1.9636,-1.4965,1.2823,13.692
655,21,3,D,pre-K4,False,False,exact,-1.8284,-1.4973,1.2823,18.303
656,21,4,D,pre-K4,False,False,exact,-1.667,-1.4795,1.2823,23.835
657,21,5,N,pre-K4,False,False,exact,-1.5692,-1.4585,1.2823,27.246
658,21,6,I,pre-K4,False,False,exact,-1.486,-1.4342,1.2823,30.197
659,21,7,A,pre-K4,False,False,exact,-1.3848,-1.396,1.2823,33.885
660,21,8,A,pre-K4,False,False,exact,-1.2703,-1.3405,1.2823,38.219
661,21,9,H,pre-K4,False,False,exact,-1.2004,-1.2993,1.2823,40.985
662,21,10,T,pre-K4,False,False,exact,-1.1158,-1.2409,1.2823,44.489
663,21,11,T,pre-K4,False,False,exact,-1.0022,-1.1448,1.2823,49.56
664,21,12,M,pre-K4,False,False,exact,-0.9415,-1.0831,1.2823,52.51
665,21,13,S,pre-K4,False,False,exact,-0.8833,-1.0153,1.2823,55.553
666,21,14,T,pre-K4,False,False,exact,-0.8285,-0.9414,1.2823,58.688
667,21,15,E,pre-K4,False,False,exact,-0.7539,-0.8189,1.2823,63.575
668,21,16,W,pre-K4,False,False,exact,-0.7091,-0.7264,1.2823,67.079
669,21,17,P,pre-K4,False,False,exact,-0.6781,-0.6485,1.2823,69.937
670,21,18,I,pre-K4,False,False,exact,-0.6553,-0.579,1.2823,72.426
671,21,19,E,pre-K4,False,False,exact,-0.6283,-0.4715,1.2823,76.207
672,21,20,R,pre-K4,False,False,exact,-0.6122,-0.3754,1.2823,79.526
673,21,21,O,pre-K4,False,False,exact,-0.6024,-0.2486,1.2823,83.86
674,21,22,A,pre-K4,False,False,exact,-0.6032,-0.1539,1.2823,87.087
675,21,23,G,pre-K4,False,False,exact,-0.6156,-0.0246,1.2823,91.513
676,21,24,R,pre-K4,False,False,exact,-0.6294,0.0526,1.2823,94.187
677,21,25,I,pre-K4,False,False,exact,-0.6472,0.1263,1.2823,96.768
678,21,26,E,pre-K4,False,False,exact,-0.6896,0.2548,1.2823,101.379
679,21,27,W,pre-K4,False,False,exact,-0.7331,0.3539,1.2823,105.067
680,21,28,F,pre-K4,False,False,exact,-0.7778,0.4373,1.2823,108.294
681,21,29,E,pre-K4,False,False,exact,-0.8506,0.5482,1.2823,112.812
682,21,30,B,pre-K4,False,False,exact,-0.9639,0.6826,1.2823,118.805
683,22,0,A,pre-K4,False,False,approx,-2.138,-1.4743,1.1523,7.699
684,22,1,E,pre-K4,False,False,approx,-2.0498,-1.4886,1.1523,10.742
685,22,2,C,pre-K4,False,False,approx,-1.9663,-1.4964,1.1523,13.6
686,22,3,T,pre-K4,False,False,approx,-1.8527,-1.4982,1.1523,17.473
687,22,4,D,pre-K4,False,False,approx,-1.7313,-1.4891,1.1523,21.622
688,22,5,D,pre-K4,False,False,approx,-1.6219,-1.4708,1.1523,25.402
689,22,6,H,pre-K4,False,False,approx,-1.5248,-1.4463,1.1523,28.814
690,22,7,I,pre-K4,False,False,approx,-1.4098,-1.4064,1.1523,32.963
691,22,8,L,pre-K4,False,False,approx,-1.3232,-1.3679,1.1523,36.19
692,22,9,C,pre-K4,False,False,approx,-1.2351,-1.3205,1.1523,39.602
693,22,10,E,pre-K4,False,False,approx,-1.1597,-1.2725,1.1523,42.644
694,22,11,I,pre-K4,False,False,approx,-1.1007,-1.2294,1.1523,45.134
695,22,12,H,pre-K4,False,False,approx,-0.9562,-1.0989,1.1523,51.773
696,22,13,S,pre-K4,False,False,approx,-0.9022,-1.0383,1.1523,54.539
697,22,14,I,pre-K4,False,False,approx,-0.8472,-0.9679,1.1523,57.582
698,22,15,T,pre-K4,False,False,approx,-0.7902,-0.8824,1.1523,61.085
699,22,16,E,pre-K4,False,False,approx,-0.739,-0.7901,1.1523,64.681
700,22,17,G,pre-K4,False,False,approx,-0.6965,-0.6965,1.1523,68.185
701,22,18,O,pre-K4,False,False,approx,-0.6545,-0.5765,1.1523,72.519
702,22,19,E,pre-K4,False,False,approx,-0.6346,-0.5005,1.1523,75.193
703,22,20,A,pre-K4,False,False,approx,-0.6144,-0.3915,1.1523,78.973
704,22,21,O,pre-K4,False,False,approx,-0.6032,-0.2702,1.1523,83.122
705,22,22,S,pre-K4,False,False,approx,-0.6026,-0.1674,1.1523,86.626
706,22,23,D,pre-K4,False,False,approx,-0.6103,-0.0649,1.1523,90.13
707,22,24,D,pre-K4,False,False,approx,-0.6241,0.0261,1.1523,93.265
708,22,25,R,pre-K4,False,False,approx,-0.6561,0.1575,1.1523,97.875
709,22,26,Y,pre-K4,False,False,approx,-0.6772,0.2218,1.1523,100.18
710,22,27,D,pre-K4,False,False,approx,-0.7103,0.3048,1.1523,103.223
711,22,28,L,pre-K4,False,False,approx,-0.7711,0.4256,1.1523,107.833
712,22,29,O,pre-K4,False,False,approx,-0.8076,0.4857,1.1523,110.23
713,22,30,R,pre-K4,False,False,approx,-0.8522,0.5503,1.1523,112.904
714,22,31,I,pre-K4,False,False,approx,-0.962,0.6806,1.1523,118.713
715,22,32,T,pre-K4,False,False,approx,,,,
716,23,0,R,pre-K4,False,False,exact,-2.13,-1.4758,1.0278,7.976
717,23,1,K,pre-K4,False,False,exact,-2.0418,-1.4895,1.0278,11.018
718,23,2,L,pre-K4,False,False,exact,-1.9447,-1.4975,1.0278,14.338
719,23,3,M,pre-K4,False,False,exact,-1.7905,-1.495,1.0278,19.593
720,23,4,L,pre-K4,False,False,exact,-1.6325,-1.473,1.0278,25.033
721,23,5,E,pre-K4,False,False,exact,-1.4938,-1.4367,1.0278,29.92
722,23,6,H,pre-K4,False,False,exact,-1.3997,-1.4023,1.0278,33.332
723,23,7,A,pre-K4,False,False,exact,-1.3256,-1.3691,1.0278,36.098
724,23,8,G,pre-K4,False,False,exact,-1.2234,-1.3135,1.0278,40.063
725,23,9,T,pre-K4,False,False,exact,-1.1158,-1.2409,1.0278,44.489
726,23,10,D,pre-K4,False,False,exact,-1.026,-1.1669,1.0278,48.453
727,23,11,H,pre-K4,False,False,exact,-0.9562,-1.0989,1.0278,51.773
728,23,12,A,pre-K4,False,False,exact,-0.8816,-1.0132,1.0278,55.645
729,23,13,R,pre-K4,False,False,exact,-0.8119,-0.9167,1.0278,59.702
730,23,14,D,pre-K4,False,False,exact,-0.7683,-0.845,1.0278,62.561
731,23,15,P,pre-K4,False,False,exact,-0.719,-0.7486,1.0278,66.249
732,23,16,N,pre-K4,False,False,exact,-0.6781,-0.6485,1.0278,69.937
733,23,17,E,pre-K4,False,False,exact,-0.6486,-0.5556,1.0278,73.256
734,23,18,O,pre-K4,False,False,exact,-0.6226,-0.4422,1.0278,77.221
735,23,19,H,pre-K4,False,False,exact,-0.603,-0.2675,1.0278,83.214
736,23,20,M,pre-K4,False,False,exact,-0.602,-0.1918,1.0278,85.796
737,23,21,G,pre-K4,False,False,exact,-0.6083,-0.0837,1.0278,89.484
738,23,22,F,pre-K4,False,False,exact,-0.6352,0.0791,1.0278,95.109
739,23,23,M,pre-K4,False,False,exact,-0.6569,0.1601,1.0278,97.967
740,23,24,F,pre-K4,False,False,exact,-0.6886,0.2522,1.0278,101.286
741,23,25,E,pre-K4,False,False,exact,-0.7272,0.3417,1.0278,104.606
742,23,26,U,pre-K4,False,False,exact,-0.7724,0.428,1.0278,107.925
743,23,27,H,pre-K4,False,False,exact,-0.8348,0.5262,1.0278,111.89
744,23,28,E,pre-K4,False,False,exact,-0.9508,0.6688,1.0278,118.16
745,24,0,E,pre-K4,False,False,exact,-2.1592,-1.4699,0.906,6.961
746,24,1,C,pre-K4,False,False,exact,-2.0606,-1.4872,0.906,10.373
747,24,2,D,pre-K4,False,False,exact,-1.9258,-1.4982,0.906,14.983
748,24,3,M,pre-K4,False,False,exact,-1.804,-1.496,0.906,19.132
749,24,4,R,pre-K4,False,False,exact,-1.7071,-1.4859,0.906,22.452
750,24,5,I,pre-K4,False,False,exact,-1.6351,-1.4735,0.906,24.941
751,24,6,P,pre-K4,False,False,exact,-1.4783,-1.4316,0.906,30.473
752,24,7,F,pre-K4,False,False,exact,-1.3872,-1.3971,0.906,33.793
753,24,8,E,pre-K4,False,False,exact,-1.3087,-1.3607,0.906,36.743
754,24,9,I,pre-K4,False,False,exact,-1.1958,-1.2964,0.906,41.169
755,24,10,M,pre-K4,False,False,exact,-1.1398,-1.2585,0.906,43.474
756,24,11,E,pre-K4,False,False,exact,-1.0628,-1.1988,0.906,46.794
757,24,12,H,pre-K4,False,False,exact,-0.9732,-1.1164,0.906,50.943
758,24,13,N,pre-K4,False,False,exact,-0.9092,-1.0466,0.906,54.17
759,24,14,L,pre-K4,False,False,exact,-0.8409,-0.9591,0.906,57.95
760,24,15,S,pre-K4,False,False,exact,-0.7874,-0.8777,0.906,61.27
761,24,16,S,pre-K4,False,False,exact,-0.7414,-0.7949,0.906,64.497
762,24,17,T,pre-K4,False,False,exact,-0.6996,-0.704,0.906,67.908
763,24,18,T,pre-K4,False,False,exact,-0.6701,-0.6255,0.906,70.767
764,24,19,R,pre-K4,False,False,exact,-0.639,-0.519,0.906,74.547
765,24,20,T,pre-K4,False,False,exact,-0.6198,-0.4262,0.906,77.774
766,24,21,V,pre-K4,False,False,exact,-0.6045,-0.2945,0.906,82.292
767,24,22,D,pre-K4,False,False,exact,-0.6047,-0.1269,0.906,88.009
768,24,23,O,pre-K4,False,False,exact,-0.6246,0.0288,0.906,93.357
769,24,24,H,pre-K4,False,False,exact,-0.6515,0.1419,0.906,97.322
770,24,25,W,pre-K4,False,False,exact,-0.6736,0.2116,0.906,99.811
771,24,26,?,pre-K4,False,True,exact,-0.726,0.3392,0.906,104.514
772,24,27,O,K4,False,False,exact,-0.7579,0.402,0.906,106.911
773,24,28,B,K4,False,False,exact,-0.8301,0.5195,0.906,111.613
774,24,29,K,K4,False,False,exact,-0.9527,0.6708,0.906,118.252
775,24,30,R,K4,False,False,exact,-1.0262,0.7427,0.906,121.756
776,25,0,U,K4,False,False,exact,-2.1592,-1.4699,0.776,6.961
777,25,1,O,K4,False,False,exact,-2.0176,-1.4922,0.776,11.848
778,25,2,X,K4,False,False,exact,-1.9393,-1.4977,0.776,14.522
779,25,3,O,K4,False,False,exact,-1.8527,-1.4982,0.776,17.473
780,25,4,G,K4,False,False,exact,-1.7528,-1.4916,0.776,20.884
781,25,5,H,K4,False,False,exact,-1.6139,-1.4691,0.776,25.679
782,25,6,U,K4,False,False,exact,-1.5482,-1.4529,0.776,27.984
783,25,7,L,K4,False,False,exact,-1.4528,-1.4227,0.776,31.396
784,25,8,B,K4,False,False,exact,-1.3256,-1.3691,0.776,36.098
785,25,9,S,K4,False,False,exact,-1.1958,-1.2964,0.776,41.169
786,25,10,O,K4,False,False,exact,-1.1136,-1.2393,0.776,44.581
787,25,11,L,K4,False,False,exact,-1.0402,-1.1795,0.776,47.808
788,25,12,I,K4,False,False,exact,-0.9866,-1.1298,0.776,50.297
789,25,13,F,K4,False,False,exact,-0.897,-1.0321,0.776,54.815
790,25,14,B,K4,False,False,exact,-0.8347,-0.9503,0.776,58.319
791,25,15,B,K4,False,False,exact,-0.775,-0.8568,0.776,62.1
792,25,16,W,K4,False,False,exact,-0.7248,-0.7609,0.776,65.788
793,25,17,F,K4,True,False,exact,-0.6847,-0.6662,0.776,69.291
794,25,18,L,K4,True,False,exact,-0.6515,-0.5661,0.776,72.887
795,25,19,R,K4,True,False,exact,-0.6261,-0.4608,0.776,76.576
796,25,20,V,K4,True,False,exact,-0.6112,-0.3673,0.776,79.803
797,25,21,Q,K4,True,False,exact,-0.6029,-0.2648,0.776,83.307
798,25,22,Q,K4,True,False,exact,-0.6034,-0.1485,0.776,87.271
799,25,23,P,K4,True,False,exact,-0.6123,-0.0487,0.776,90.683
800,25,24,R,K4,True,False,exact,-0.6317,0.0632,0.776,94.555
801,25,25,N,K4,True,False,exact,-0.6617,0.1756,0.776,98.52
802,25,26,G,K4,True,False,exact,-0.7028,0.2874,0.776,102.577
803,25,27,K,K4,True,False,exact,-0.7528,0.3924,0.776,106.542
804,25,28,S,K4,True,False,exact,-0.7974,0.4698,0.776,109.585
805,25,29,S,K4,True,False,exact,-0.8458,0.5416,0.776,112.535
806,25,30,O,K4,False,False,exact,-0.9601,0.6787,0.776,118.621
807,26,0,T,K4,False,False,exact,-2.1433,-1.4732,0.6515,7.515
808,26,1,W,K4,False,False,exact,-2.0176,-1.4922,0.6515,11.848
809,26,2,T,K4,False,False,exact,-1.9068,-1.4986,0.6515,15.629
810,26,3,Q,K4,False,False,exact,-1.7905,-1.495,0.6515,19.593
811,26,4,S,K4,False,False,exact,-1.7071,-1.4859,0.6515,22.452
812,26,5,J,K4,False,False,exact,-1.6166,-1.4697,0.6515,25.587
813,26,6,Q,K4,False,False,exact,-1.5274,-1.447,0.6515,28.722
814,26,7,S,K4,False,False,exact,-1.4401,-1.4181,0.6515,31.857
815,26,8,S,K4,False,False,exact,-1.3575,-1.3841,0.6515,34.899
816,26,9,E,K4,False,False,exact,-1.287,-1.3495,0.6515,37.573
817,26,10,K,K4,False,False,exact,-1.1913,-1.2935,0.6515,41.354
818,26,11,Z,K4,False,False,exact,-1.0943,-1.2244,0.6515,45.411
819,26,12,Z,K4,False,False,exact,-1.026,-1.1669,0.6515,48.453
820,26,13,W,K4,False,False,exact,-0.9396,-1.0811,0.6515,52.603
821,26,14,A,K4,False,False,exact,-0.8634,-0.9897,0.6515,56.66
822,26,15,T,K4,False,False,exact,-0.806,-0.9076,0.6515,60.071
823,26,16,J,K4,False,False,exact,-0.7539,-0.8189,0.6515,63.575
824,26,17,K,K4,False,False,exact,-0.7168,-0.7437,0.6515,66.433
825,26,18,L,K4,False,False,exact,-0.6781,-0.6485,0.6515,69.937
826,26,19,U,K4,False,False,exact,-0.6493,-0.5582,0.6515,73.164
827,26,20,D,K4,False,False,exact,-0.6241,-0.4502,0.6515,76.944
828,26,21,I,K4,False,False,exact,-0.6103,-0.3592,0.6515,80.079
829,26,22,A,K4,False,False,exact,-0.6028,-0.2621,0.6515,83.399
830,26,23,W,K4,False,False,exact,-0.6036,-0.1458,0.6515,87.364
831,26,24,I,K4,False,False,exact,-0.6141,-0.0353,0.6515,91.144
832,26,25,N,K4,False,False,exact,-0.6267,0.0394,0.6515,93.726
833,26,26,F,K4,False,False,exact,-0.6569,0.1601,0.6515,97.967
834,26,27,B,K4,False,False,exact,-0.7028,0.2874,0.6515,102.577
835,26,28,N,K4,True,False,exact,-0.7889,0.4559,0.6515,109.032
836,26,29,Y,K4,True,False,exact,-0.8363,0.5284,0.6515,111.982
837,26,30,P,K4,True,False,exact,-0.9829,0.7018,0.6515,119.727
838,27,0,V,K4,True,False,exact,-2.1513,-1.4716,0.5242,7.238
839,27,1,T,K4,True,False,exact,-2.0445,-1.4892,0.5242,10.926
840,27,2,T,K4,True,False,exact,-1.9501,-1.4972,0.5242,14.153
841,27,3,M,K4,True,False,exact,-1.8094,-1.4963,0.5242,18.948
842,27,4,Z,K4,True,False,exact,-1.7259,-1.4884,0.5242,21.806
843,27,5,F,K4,True,False,exact,-1.6457,-1.4756,0.5242,24.572
844,27,6,P,K4,True,False,exact,-1.5587,-1.4557,0.5242,27.615
845,27,7,K,K4,True,False,exact,-1.4553,-1.4236,0.5242,31.303
846,27,8,W,K4,False,False,exact,-1.3184,-1.3655,0.5242,36.375
847,27,9,G,K4,False,False,exact,-1.2281,-1.3163,0.5242,39.878
848,27,10,D,K4,False,False,exact,-1.1158,-1.2409,0.5242,44.489
849,27,11,K,K4,False,False,exact,-1.0566,-1.1936,0.5242,47.07
850,27,12,Z,K4,False,False,exact,-0.9656,-1.1087,0.5242,51.312
851,27,13,X,K4,False,False,exact,-0.9074,-1.0445,0.5242,54.262
852,27,14,T,K4,False,False,exact,-0.8378,-0.9547,0.5242,58.135
853,27,15,J,K4,False,False,exact,-0.786,-0.8754,0.5242,61.362
854,27,16,C,K4,False,False,exact,-0.7527,-0.8166,0.5242,63.667
855,27,17,D,K4,False,False,exact,-0.7091,-0.7264,0.5242,67.079
856,27,18,I,K4,False,False,exact,-0.6763,-0.6434,0.5242,70.121
857,27,19,G,K4,False,False,exact,-0.6283,-0.4715,0.5242,76.207
858,27,20,K,K4,False,False,exact,-0.6116,-0.37,0.5242,79.711
859,27,21,U,K4,False,False,exact,-0.6029,-0.2648,0.5242,83.307
860,27,22,H,K4,False,False,exact,-0.6036,-0.1458,0.5242,87.364
861,27,23,U,K4,False,False,exact,-0.616,-0.0219,0.5242,91.605
862,27,24,A,K4,False,False,exact,-0.6323,0.0659,0.5242,94.648
863,27,25,U,K4,False,False,exact,-0.6609,0.1731,0.5242,98.428
864,27,26,E,K4,False,False,exact,-0.6966,0.2724,0.5242,102.024
865,27,27,K,K4,False,False,exact,-0.7379,0.3636,0.5242,105.436
866,27,28,C,K4,False,False,exact,-0.7931,0.4629,0.5242,109.308
867,27,29,A,K4,False,False,exact,-0.8395,0.5328,0.5242,112.166
868,27,30,R,K4,False,False,exact,-0.9639,0.6826,0.5242,118.805
