row,col,x,y,z,arc_s_units,x_m,y_m,z_m,arc_s_m,z_from_base_m
0,0,-73.375,-50.113,134.896,7.146,-2.1539,-1.471,3.9598,0.2098,3.5371
0,1,-70.379,-50.637,134.896,10.189,-2.0659,-1.4864,3.9598,0.2991,3.5371
0,2,-68.088,-50.894,134.896,12.494,-1.9987,-1.494,3.9598,0.3667,3.5371
0,3,-62.377,-51.012,134.896,18.21,-1.8311,-1.4974,3.9598,0.5346,3.5371
0,4,-59.253,-50.761,134.896,21.345,-1.7393,-1.4901,3.9598,0.6266,3.5371
0,5,-54.8,-50.007,134.896,25.863,-1.6086,-1.4679,3.9598,0.7592,3.5371
0,6,-52.21,-49.346,134.896,28.537,-1.5326,-1.4485,3.9598,0.8377,3.5371
0,7,-49.925,-48.62,134.896,30.935,-1.4655,-1.4272,3.9598,0.9081,3.5371
0,8,-45.826,-46.957,134.896,35.36,-1.3452,-1.3784,3.9598,1.038,3.5371
0,9,-43.276,-45.667,134.896,38.219,-1.2703,-1.3405,3.9598,1.1219,3.5371
0,10,-39.889,-43.608,134.896,42.183,-1.1709,-1.2801,3.9598,1.2383,3.5371
0,11,-37.062,-41.539,134.896,45.687,-1.0879,-1.2194,3.9598,1.3411,3.5371
0,12,-34.544,-39.378,134.896,49.007,-1.014,-1.1559,3.9598,1.4386,3.5371
0,13,-32.449,-37.301,134.896,51.957,-0.9525,-1.095,3.9598,1.5252,3.5371
0,14,-29.977,-34.443,134.896,55.737,-0.88,-1.0111,3.9598,1.6362,3.5371
0,15,-27.508,-30.996,134.896,59.979,-0.8075,-0.9099,3.9598,1.7607,3.5371
0,16,-25.992,-28.465,134.896,62.929,-0.763,-0.8356,3.9598,1.8473,3.5371
0,17,-24.769,-26.088,134.896,65.603,-0.7271,-0.7658,3.9598,1.9258,3.5371
0,18,-23.227,-22.437,134.896,69.568,-0.6818,-0.6586,3.9598,2.0421,3.5371
0,19,-22.429,-20.079,134.896,72.058,-0.6584,-0.5894,3.9598,2.1152,3.5371
0,20,-21.294,-15.518,134.896,76.76,-0.6251,-0.4555,3.9598,2.2533,3.5371
0,21,-20.893,-13.061,134.896,79.25,-0.6133,-0.3834,3.9598,2.3263,3.5371
0,22,-20.561,-9.482,134.896,82.846,-0.6036,-0.2783,3.9598,2.4319,3.5371
0,23,-20.526,-5.795,134.896,86.534,-0.6025,-0.1701,3.9598,2.5402,3.5371
0,24,-20.824,-1.935,134.896,90.406,-0.6113,-0.0568,3.9598,2.6538,3.5371
0,25,-21.278,0.98,134.896,93.357,-0.6246,0.0288,3.9598,2.7405,3.5371
0,26,-22.12,4.569,134.896,97.045,-0.6493,0.1341,3.9598,2.8487,3.5371
0,27,-23.293,8.162,134.896,100.825,-0.6838,0.2396,3.9598,2.9597,3.5371
0,28,-24.772,11.64,134.896,104.606,-0.7272,0.3417,3.9598,3.0707,3.5371
0,29,-26.176,14.339,134.896,107.648,-0.7684,0.4209,3.9598,3.16,3.5371
0,30,-27.512,16.548,134.896,110.23,-0.8076,0.4857,3.9598,3.2358,3.5371
0,31,-29.36,19.192,134.896,113.457,-0.8619,0.5634,3.9598,3.3305,3.5371
0,32,-32.9,23.318,134.896,118.897,-0.9658,0.6845,3.9598,3.4902,3.5371
1,0,-73.105,-50.169,130.746,7.422,-2.146,-1.4727,3.838,0.2179,3.4153
1,1,-69.19,-50.786,130.746,11.387,-2.031,-1.4908,3.838,0.3343,3.4153
1,2,-66.433,-51.005,130.746,14.153,-1.9501,-1.4972,3.838,0.4155,3.4153
1,3,-62.561,-51.02,130.746,18.026,-1.8365,-1.4977,3.838,0.5291,3.4153
1,4,-59.894,-50.831,130.746,20.7,-1.7582,-1.4921,3.838,0.6076,3.4153
1,5,-56.064,-50.269,130.746,24.572,-1.6457,-1.4756,3.838,0.7213,3.4153
1,6,-52.21,-49.346,130.746,28.537,-1.5326,-1.4485,3.838,0.8377,3.4153
1,7,-48.626,-48.145,130.746,32.318,-1.4274,-1.4133,3.838,0.9487,3.4153
1,8,-46.497,-47.263,130.746,34.623,-1.3649,-1.3874,3.838,1.0163,3.4153
1,9,-42.792,-45.398,130.746,38.772,-1.2562,-1.3326,3.838,1.1381,3.4153
1,10,-39.966,-43.659,130.746,42.091,-1.1732,-1.2816,3.838,1.2356,3.4153
1,11,-37.497,-41.881,130.746,45.134,-1.1007,-1.2294,3.838,1.3249,3.4153
1,12,-34.748,-39.565,130.746,48.73,-1.02,-1.1614,3.838,1.4304,3.4153
1,13,-32.576,-37.435,130.746,51.773,-0.9562,-1.0989,3.838,1.5198,3.4153
1,14,-30.381,-34.946,130.746,55.092,-0.8918,-1.0258,3.838,1.6172,3.4153
1,15,-28.068,-31.842,130.746,58.965,-0.8239,-0.9347,3.838,1.7309,3.4153
1,16,-26.082,-28.626,130.746,62.745,-0.7656,-0.8403,3.838,1.8419,3.4153
1,17,-24.769,-26.088,130.746,65.603,-0.7271,-0.7658,3.838,1.9258,3.4153
1,18,-23.323,-22.696,130.746,69.291,-0.6847,-0.6662,3.838,2.034,3.4153
1,19,-22.271,-19.549,130.746,72.611,-0.6537,-0.5739,3.838,2.1315,3.4153
1,20,-21.598,-16.962,130.746,75.285,-0.634,-0.4979,3.838,2.21,3.4153
1,21,-21.025,-13.974,130.746,78.327,-0.6172,-0.4102,3.838,2.2993,3.4153
1,22,-20.581,-9.85,130.746,82.477,-0.6042,-0.2891,3.838,2.4211,3.4153
1,23,-20.557,-5.058,130.746,87.271,-0.6034,-0.1485,3.838,2.5618,3.4153
1,24,-20.791,-2.21,130.746,90.13,-0.6103,-0.0649,3.838,2.6457,3.4153
1,25,-21.404,1.613,130.746,94.002,-0.6283,0.0473,3.838,2.7594,3.4153
1,26,-22.378,5.455,130.746,97.967,-0.6569,0.1601,3.838,2.8758,3.4153
1,27,-23.764,9.364,130.746,102.116,-0.6976,0.2749,3.838,2.9976,3.4153
1,28,-25.6,13.287,130.746,106.45,-0.7515,0.39,3.838,3.1248,3.4153
1,29,-26.827,15.453,130.746,108.939,-0.7875,0.4536,3.838,3.1979,3.4153
1,30,-29.249,19.044,130.746,113.273,-0.8586,0.559,3.838,3.3251,3.4153
1,31,-33.353,23.778,130.746,119.543,-0.9791,0.698,3.838,3.5091,3.4153
2,0,-73.195,-50.15,126.411,7.33,-2.1486,-1.4721,3.7108,0.2152,3.288
2,1,-70.105,-50.674,126.411,10.465,-2.0579,-1.4875,3.7108,0.3072,3.288
2,2,-66.985,-50.975,126.411,13.6,-1.9663,-1.4964,3.7108,0.3992,3.288
2,3,-63.391,-51.046,126.411,17.196,-1.8608,-1.4984,3.7108,0.5048,3.288
2,4,-57.7,-50.551,126.411,22.913,-1.6937,-1.4839,3.7108,0.6726,3.288
2,5,-54.441,-49.925,126.411,26.232,-1.5981,-1.4655,3.7108,0.77,3.288
2,6,-51.15,-49.027,126.411,29.644,-1.5015,-1.4392,3.7108,0.8702,3.288
2,7,-46.75,-47.375,126.411,34.346,-1.3723,-1.3907,3.7108,1.0082,3.288
2,8,-44.089,-46.101,126.411,37.297,-1.2942,-1.3533,3.7108,1.0948,3.288
2,9,-40.738,-44.163,126.411,41.169,-1.1958,-1.2964,3.7108,1.2085,3.288
2,10,-37.717,-42.05,126.411,44.857,-1.1072,-1.2343,3.7108,1.3168,3.288
2,11,-35.021,-39.813,126.411,48.361,-1.028,-1.1687,3.7108,1.4196,3.288
2,12,-32.512,-37.368,126.411,51.865,-0.9544,-1.0969,3.7108,1.5225,3.288
2,13,-30.616,-35.231,126.411,54.723,-0.8987,-1.0342,3.7108,1.6064,3.288
2,14,-28.54,-32.524,126.411,58.135,-0.8378,-0.9547,3.7108,1.7065,3.288
2,15,-26.872,-29.98,126.411,61.178,-0.7888,-0.8801,3.7108,1.7958,3.288
2,16,-24.611,-25.755,126.411,65.972,-0.7225,-0.756,3.7108,1.9366,3.288
2,17,-22.738,-21.045,126.411,71.043,-0.6675,-0.6178,3.7108,2.0855,3.288
2,18,-21.949,-18.394,126.411,73.809,-0.6443,-0.54,3.7108,2.1666,3.288
2,19,-21.099,-14.429,126.411,77.866,-0.6193,-0.4236,3.7108,2.2857,3.288
2,20,-20.669,-11.045,126.411,81.278,-0.6067,-0.3242,3.7108,2.3859,3.288
2,21,-20.503,-7.27,126.411,85.058,-0.6019,-0.2134,3.7108,2.4969,3.288
2,22,-20.67,-3.402,126.411,88.931,-0.6068,-0.0999,3.7108,2.6105,3.288
2,23,-21.012,-0.565,126.411,91.789,-0.6168,-0.0166,3.7108,2.6944,3.288
2,24,-21.725,3.053,126.411,95.477,-0.6377,0.0896,3.7108,2.8027,3.288
2,25,-22.569,6.071,126.411,98.612,-0.6625,0.1782,3.7108,2.8947,3.288
2,26,-24.049,10.044,126.411,102.854,-0.706,0.2948,3.7108,3.0192,3.288
2,27,-25.136,12.386,126.411,105.436,-0.7379,0.3636,3.7108,3.095,3.288
2,28,-26.827,15.453,126.411,108.939,-0.7875,0.4536,3.7108,3.1979,3.288
2,29,-28.705,18.301,126.411,112.351,-0.8426,0.5372,3.7108,3.298,3.288
2,30,-33.484,23.908,126.411,119.727,-0.9829,0.7018,3.7108,3.5145,3.288
3,0,-73.466,-50.093,121.984,7.054,-2.1566,-1.4705,3.5808,0.2071,3.1581
3,1,-70.013,-50.686,121.984,10.557,-2.0552,-1.4879,3.5808,0.3099,3.1581
3,2,-65.511,-51.04,121.984,15.075,-1.9231,-1.4983,3.5808,0.4425,3.1581
3,3,-60.813,-50.914,121.984,19.778,-1.7851,-1.4946,3.5808,0.5806,3.1581
3,4,-57.973,-50.592,121.984,22.636,-1.7018,-1.4851,3.5808,0.6645,3.1581
3,5,-54.441,-49.925,121.984,26.232,-1.5981,-1.4655,3.5808,0.77,3.1581
3,6,-51.15,-49.027,121.984,29.644,-1.5015,-1.4392,3.5808,0.8702,3.1581
3,7,-47.513,-47.701,121.984,33.516,-1.3947,-1.4002,3.5808,0.9839,3.1581
3,8,-44.335,-46.228,121.984,37.02,-1.3014,-1.357,3.5808,1.0867,3.1581
3,9,-40.273,-43.863,121.984,41.722,-1.1822,-1.2876,3.5808,1.2247,3.1581
3,10,-35.853,-40.542,121.984,47.255,-1.0524,-1.1901,3.5808,1.3871,3.1581
3,11,-33.283,-38.162,121.984,50.758,-0.977,-1.1202,3.5808,1.49,3.1581
3,12,-31.092,-35.794,121.984,53.986,-0.9127,-1.0507,3.5808,1.5847,3.1581
3,13,-28.381,-32.298,121.984,58.411,-0.8331,-0.9481,3.5808,1.7146,3.1581
3,14,-26.309,-29.028,121.984,62.284,-0.7723,-0.8521,3.5808,1.8283,3.1581
3,15,-25.133,-26.834,121.984,64.773,-0.7378,-0.7877,3.5808,1.9014,3.1581
3,16,-22.916,-21.569,121.984,70.49,-0.6727,-0.6331,3.5808,2.0692,3.1581
3,17,-21.66,-17.231,121.984,75.008,-0.6358,-0.5058,3.5808,2.2018,3.1581
3,18,-21.177,-14.883,121.984,77.405,-0.6216,-0.4369,3.5808,2.2722,3.1581
3,19,-20.75,-11.871,121.984,80.448,-0.6091,-0.3485,3.5808,2.3615,3.1581
3,20,-20.548,-9.205,121.984,83.122,-0.6032,-0.2702,3.5808,2.44,3.1581
3,21,-20.526,-5.795,121.984,86.534,-0.6025,-0.1701,3.5808,2.5402,3.1581
3,22,-20.781,-2.301,121.984,90.037,-0.61,-0.0676,3.5808,2.643,3.1581
3,23,-21.367,1.432,121.984,93.818,-0.6272,0.042,3.5808,2.754,3.1581
3,24,-22.096,4.481,121.984,96.953,-0.6486,0.1315,3.5808,2.846,3.1581
3,25,-23.293,8.162,121.984,100.825,-0.6838,0.2396,3.5808,2.9597,3.1581
3,26,-25.261,12.633,121.984,105.712,-0.7415,0.3708,3.5808,3.1031,3.1581
3,27,-26.591,15.057,121.984,108.478,-0.7806,0.442,3.5808,3.1843,3.1581
3,28,-28.385,17.849,121.984,111.798,-0.8332,0.5239,3.5808,3.2818,3.1581
4,0,-73.014,-50.187,117.834,7.515,-2.1433,-1.4732,3.459,0.2206,3.0363
4,1,-70.47,-50.624,117.834,10.096,-2.0686,-1.486,3.459,0.2964,3.0363
4,2,-66.34,-51.01,117.834,14.246,-1.9474,-1.4974,3.459,0.4182,3.0363
4,3,-63.944,-51.054,117.834,16.643,-1.877,-1.4987,3.459,0.4885,3.0363
4,4,-58.887,-50.716,117.834,21.714,-1.7286,-1.4888,3.459,0.6374,3.0363
4,5,-56.245,-50.303,117.834,24.388,-1.6511,-1.4766,3.459,0.7159,3.0363
4,6,-53.187,-49.615,117.834,27.523,-1.5613,-1.4564,3.459,0.8079,3.0363
4,7,-50.624,-48.857,117.834,30.197,-1.486,-1.4342,3.459,0.8864,3.0363
4,8,-47.598,-47.736,117.834,33.424,-1.3972,-1.4013,3.459,0.9811,3.0363
4,9,-44.253,-46.186,117.834,37.112,-1.299,-1.3558,3.459,1.0894,3.0363
4,10,-41.049,-44.361,117.834,40.8,-1.205,-1.3022,3.459,1.1977,3.0363
4,11,-38.307,-42.493,117.834,44.12,-1.1245,-1.2474,3.459,1.2951,3.0363
4,12,-35.643,-40.362,117.834,47.531,-1.0463,-1.1848,3.459,1.3953,3.0363
4,13,-33.089,-37.965,117.834,51.035,-0.9713,-1.1145,3.459,1.4981,3.0363
4,14,-30.557,-35.16,117.834,54.815,-0.897,-1.0321,3.459,1.6091,3.0363
4,15,-27.709,-31.305,117.834,59.61,-0.8134,-0.919,3.459,1.7498,3.0363
4,16,-26.037,-28.546,117.834,62.837,-0.7643,-0.838,3.459,1.8446,3.0363
4,17,-24.69,-25.922,117.834,65.788,-0.7248,-0.7609,3.459,1.9312,3.0363
4,18,-22.856,-21.395,117.834,70.675,-0.6709,-0.628,3.459,2.0746,3.0363
4,19,-22.094,-18.928,117.834,73.256,-0.6486,-0.5556,3.459,2.1504,3.0363
4,20,-21.329,-15.699,117.834,76.576,-0.6261,-0.4608,3.459,2.2478,3.0363
4,21,-20.812,-12.421,117.834,79.895,-0.6109,-0.3646,3.459,2.3453,3.0363
4,22,-20.532,-8.837,117.834,83.491,-0.6027,-0.2594,3.459,2.4508,3.0363
4,23,-20.548,-5.242,117.834,87.087,-0.6032,-0.1539,3.459,2.5564,3.0363
4,24,-20.713,-2.943,117.834,89.392,-0.608,-0.0864,3.459,2.6241,3.0363
4,25,-21.211,0.617,117.834,92.988,-0.6226,0.0181,3.459,2.7296,3.0363
4,26,-21.975,4.036,117.834,96.492,-0.6451,0.1185,3.459,2.8325,3.0363
4,27,-23.102,7.643,117.834,100.272,-0.6782,0.2243,3.459,2.9434,3.0363
4,28,-24.384,10.804,117.834,103.684,-0.7158,0.3171,3.459,3.0436,3.0363
4,29,-26.13,14.258,117.834,107.556,-0.767,0.4186,3.459,3.1573,3.0363
4,30,-28.544,18.075,117.834,112.074,-0.8379,0.5306,3.459,3.2899,3.0363
5,0,-72.562,-50.276,113.407,7.976,-2.13,-1.4758,3.329,0.2341,2.9063
5,1,-69.647,-50.732,113.407,10.926,-2.0445,-1.4892,3.329,0.3207,2.9063
5,2,-66.893,-50.981,113.407,13.692,-1.9636,-1.4965,3.329,0.4019,2.9063
5,3,-63.299,-51.044,113.407,17.288,-1.8581,-1.4984,3.329,0.5075,2.9063
5,4,-60.905,-50.922,113.407,19.686,-1.7878,-1.4948,3.329,0.5779,2.9063
5,5,-57.517,-50.523,113.407,23.097,-1.6884,-1.4831,3.329,0.678,2.9063
5,6,-54.71,-49.987,113.407,25.955,-1.606,-1.4673,3.329,0.7619,2.9063
5,7,-51.326,-49.082,113.407,29.459,-1.5067,-1.4408,3.329,0.8648,2.9063
5,8,-47.769,-47.806,113.407,33.24,-1.4022,-1.4033,3.329,0.9757,2.9063
5,9,-45.077,-46.6,113.407,36.19,-1.3232,-1.3679,3.329,1.0623,2.9063
5,10,-41.52,-44.652,113.407,40.247,-1.2188,-1.3107,3.329,1.1814,2.9063
5,11,-38.904,-42.926,113.407,43.382,-1.142,-1.2601,3.329,1.2735,2.9063
5,12,-36.134,-40.781,113.407,46.886,-1.0607,-1.1971,3.329,1.3763,2.9063
5,13,-33.61,-38.487,113.407,50.297,-0.9866,-1.1298,3.329,1.4765,2.9063
5,14,-31.212,-35.934,113.407,53.801,-0.9162,-1.0548,3.329,1.5793,2.9063
5,15,-28.593,-32.599,113.407,58.043,-0.8394,-0.9569,3.329,1.7038,2.9063
5,16,-27.064,-30.295,113.407,60.809,-0.7945,-0.8893,3.329,1.785,2.9063
5,17,-24.889,-26.337,113.407,65.327,-0.7306,-0.7731,3.329,1.9176,2.9063
5,18,-23.038,-21.917,113.407,70.121,-0.6763,-0.6434,3.329,2.0584,2.9063
5,19,-21.66,-17.231,113.407,75.008,-0.6358,-0.5058,3.329,2.2018,2.9063
5,20,-21.069,-14.247,113.407,78.051,-0.6185,-0.4182,3.329,2.2912,2.9063
5,21,-20.73,-11.688,113.407,80.633,-0.6085,-0.3431,3.329,2.3669,2.9063
5,22,-20.52,-8.468,113.407,83.86,-0.6024,-0.2486,3.329,2.4617,2.9063
5,23,-20.587,-4.505,113.407,87.825,-0.6043,-0.1323,3.329,2.5781,2.9063
5,24,-21.055,-0.292,113.407,92.066,-0.6181,-0.0086,3.329,2.7026,2.9063
5,25,-21.519,2.154,113.407,94.555,-0.6317,0.0632,3.329,2.7756,2.9063
5,26,-22.431,5.631,113.407,98.151,-0.6585,0.1653,3.329,2.8812,2.9063
5,27,-23.165,7.816,113.407,100.457,-0.68,0.2294,3.329,2.9489,2.9063
5,28,-24.614,11.306,113.407,104.237,-0.7225,0.3319,3.329,3.0598,2.9063
5,29,-26.732,15.295,113.407,108.755,-0.7847,0.449,3.329,3.1925,2.9063
5,30,-28.651,18.226,113.407,112.259,-0.841,0.535,3.329,3.2953,2.9063
6,0,-73.105,-50.169,109.165,7.422,-2.146,-1.4727,3.2045,0.2179,2.7818
6,1,-70.379,-50.637,109.165,10.189,-2.0659,-1.4864,3.2045,0.2991,2.7818
6,2,-67.997,-50.902,109.165,12.586,-1.996,-1.4942,3.2045,0.3695,2.7818
6,3,-65.419,-51.042,109.165,15.168,-1.9204,-1.4983,3.2045,0.4452,2.7818
6,4,-61.64,-50.973,109.165,18.948,-1.8094,-1.4963,3.2045,0.5562,2.7818
6,5,-58.795,-50.705,109.165,21.806,-1.7259,-1.4884,3.2045,0.6401,2.7818
6,6,-54.89,-50.027,109.165,25.771,-1.6113,-1.4685,3.2045,0.7565,2.7818
6,7,-52.387,-49.397,109.165,28.353,-1.5378,-1.45,3.2045,0.8323,2.7818
6,8,-47.258,-47.594,109.165,33.793,-1.3872,-1.3971,3.2045,0.992,2.7818
6,9,-44.829,-46.478,109.165,36.467,-1.3159,-1.3643,3.2045,1.0705,2.7818
6,10,-40.971,-44.312,109.165,40.893,-1.2027,-1.3007,3.2045,1.2004,2.7818
6,11,-36.134,-40.781,109.165,46.886,-1.0607,-1.1971,3.2045,1.3763,2.7818
6,12,-33.61,-38.487,109.165,50.297,-0.9866,-1.1298,3.2045,1.4765,2.7818
6,13,-31.212,-35.934,109.165,53.801,-0.9162,-1.0548,3.2045,1.5793,2.7818
6,14,-28.971,-33.123,109.165,57.397,-0.8504,-0.9723,3.2045,1.6849,2.7818
6,15,-27.458,-30.919,109.165,60.071,-0.806,-0.9076,3.2045,1.7634,2.7818
6,16,-25.426,-27.409,109.165,64.128,-0.7464,-0.8046,3.2045,1.8825,2.7818
6,17,-23.867,-24.067,109.165,67.816,-0.7006,-0.7065,3.2045,1.9907,2.7818
6,18,-22.323,-19.726,109.165,72.426,-0.6553,-0.579,3.2045,2.126,2.7818
6,19,-21.459,-16.331,109.165,75.93,-0.6299,-0.4794,3.2045,2.2289,2.7818
6,20,-20.78,-12.146,109.165,80.172,-0.61,-0.3565,3.2045,2.3534,2.7818
6,21,-20.529,-8.745,109.165,83.583,-0.6026,-0.2567,3.2045,2.4536,2.7818
6,22,-20.654,-3.586,109.165,88.747,-0.6063,-0.1053,3.2045,2.6051,2.7818
6,23,-21.055,-0.292,109.165,92.066,-0.6181,-0.0086,3.2045,2.7026,2.7818
6,24,-21.769,3.232,109.165,95.662,-0.639,0.0949,3.2045,2.8081,2.7818
6,25,-22.682,6.422,109.165,98.981,-0.6658,0.1885,3.2045,2.9056,2.7818
6,26,-24.013,9.959,109.165,102.762,-0.7049,0.2924,3.2045,3.0165,2.7818
6,27,-25.472,13.042,109.165,106.173,-0.7477,0.3829,3.2045,3.1167,2.7818
6,28,-27.362,16.315,109.165,109.954,-0.8032,0.4789,3.2045,3.2276,2.7818
6,29,-28.921,18.6,109.165,112.72,-0.849,0.546,3.2045,3.3088,2.7818
6,30,-33.029,23.45,109.165,119.082,-0.9695,0.6884,3.2045,3.4956,2.7818
7,0,-72.199,-50.344,104.922,8.344,-2.1194,-1.4778,3.0799,0.2449,2.6572
7,1,-68.456,-50.861,104.922,12.125,-2.0095,-1.493,3.0799,0.3559,2.6572
7,2,-64.958,-51.051,104.922,15.629,-1.9068,-1.4986,3.0799,0.4588,2.6572
7,3,-61.364,-50.955,104.922,19.225,-1.8013,-1.4958,3.0799,0.5643,2.6572
7,4,-57.882,-50.579,104.922,22.728,-1.6991,-1.4847,3.0799,0.6672,2.6572
7,5,-52.387,-49.397,104.922,28.353,-1.5378,-1.45,3.0799,0.8323,2.6572
7,6,-48.111,-47.944,104.922,32.871,-1.4123,-1.4074,3.0799,0.9649,2.6572
7,7,-45.492,-46.8,104.922,35.729,-1.3354,-1.3738,3.0799,1.0488,2.6572
7,8,-42.233,-45.077,104.922,39.417,-1.2397,-1.3232,3.0799,1.1571,2.6572
7,9,-39.205,-43.138,104.922,43.013,-1.1508,-1.2663,3.0799,1.2626,2.6572
7,10,-36.346,-40.958,104.922,46.609,-1.0669,-1.2023,3.0799,1.3682,2.6572
7,11,-31.455,-36.211,104.922,53.432,-0.9233,-1.063,3.0799,1.5685,2.6572
7,12,-29.245,-33.493,104.922,56.936,-0.8585,-0.9832,3.0799,1.6713,2.6572
7,13,-26.968,-30.138,104.922,60.993,-0.7916,-0.8847,3.0799,1.7904,2.6572
7,14,-25.341,-27.245,104.922,64.312,-0.7439,-0.7998,3.0799,1.8879,2.6572
7,15,-23.522,-23.213,104.922,68.738,-0.6905,-0.6814,3.0799,2.0178,2.6572
7,16,-22.297,-19.637,104.922,72.519,-0.6545,-0.5765,3.0799,2.1288,2.6572
7,17,-21.312,-15.608,104.922,76.668,-0.6256,-0.4582,3.0799,2.2506,2.6572
7,18,-20.703,-11.413,104.922,80.909,-0.6077,-0.335,3.0799,2.3751,2.6572
7,19,-20.54,-9.021,104.922,83.307,-0.6029,-0.2648,3.0799,2.4454,2.6572
7,20,-20.521,-5.979,104.922,86.349,-0.6024,-0.1755,3.0799,2.5347,2.6572
7,21,-20.67,-3.402,104.922,88.931,-0.6068,-0.0999,3.0799,2.6105,2.6572
7,22,-21.012,-0.565,104.922,91.789,-0.6168,-0.0166,3.0799,2.6944,2.6572
7,23,-21.62,2.604,104.922,95.016,-0.6346,0.0764,3.0799,2.7892,2.6572
7,24,-22.486,5.807,104.922,98.336,-0.6601,0.1705,3.0799,2.8866,2.6572
7,25,-23.977,9.874,104.922,102.669,-0.7038,0.2899,3.0799,3.0138,2.6572
7,26,-25.013,12.138,104.922,105.159,-0.7342,0.3563,3.0799,3.0869,2.6572
7,27,-26.732,15.295,104.922,108.755,-0.7847,0.449,3.0799,3.1925,2.6572
7,28,-28.705,18.301,104.922,112.351,-0.8426,0.5372,3.0799,3.298,2.6572
7,29,-35.44,25.731,104.922,122.401,-1.0403,0.7553,3.0799,3.593,2.6572
8,0,-73.556,-50.074,100.495,6.961,-2.1592,-1.4699,2.95,0.2043,2.5273
8,1,-69.922,-50.698,100.495,10.65,-2.0525,-1.4882,2.95,0.3126,2.5273
8,2,-67.261,-50.958,100.495,13.324,-1.9744,-1.4958,2.95,0.3911,2.5273
8,3,-64.036,-51.055,100.495,16.551,-1.8798,-1.4987,2.95,0.4858,2.5273
8,4,-60.445,-50.883,100.495,20.147,-1.7743,-1.4937,2.95,0.5914,2.5273
8,5,-56.608,-50.37,100.495,24.019,-1.6617,-1.4786,2.95,0.7051,2.5273
8,6,-53.634,-49.73,100.495,27.062,-1.5744,-1.4598,2.95,0.7944,2.5273
8,7,-50.099,-48.681,100.495,30.75,-1.4706,-1.429,2.95,0.9027,2.5273
8,8,-45.742,-46.918,100.495,35.453,-1.3427,-1.3773,2.95,1.0407,2.5273
8,9,-42.233,-45.077,100.495,39.417,-1.2397,-1.3232,2.95,1.1571,2.5273
8,10,-39.66,-43.453,100.495,42.46,-1.1642,-1.2755,2.95,1.2464,2.5273
8,11,-37.425,-41.824,100.495,45.226,-1.0986,-1.2277,2.95,1.3276,2.5273
8,12,-32.831,-37.701,100.495,51.404,-0.9637,-1.1067,2.95,1.5089,2.5273
8,13,-30.498,-35.088,100.495,54.908,-0.8953,-1.03,2.95,1.6118,2.5273
8,14,-28.381,-32.298,100.495,58.411,-0.8331,-0.9481,2.95,1.7146,2.5273
8,15,-26.681,-29.664,100.495,61.546,-0.7832,-0.8708,2.95,1.8067,2.5273
8,16,-25.092,-26.751,100.495,64.866,-0.7366,-0.7853,2.95,1.9041,2.5273
8,17,-23.556,-23.298,100.495,68.646,-0.6915,-0.6839,2.95,2.0151,2.5273
8,18,-22.484,-20.255,100.495,71.873,-0.66,-0.5946,2.95,2.1098,2.5273
8,19,-21.767,-17.679,100.495,74.547,-0.639,-0.519,2.95,2.1883,2.5273
8,20,-20.997,-13.792,100.495,78.512,-0.6164,-0.4048,2.95,2.3047,2.5273
8,21,-20.618,-10.402,100.495,81.923,-0.6052,-0.3053,2.95,2.4048,2.5273
8,22,-20.503,-7.085,100.495,85.243,-0.6019,-0.208,2.95,2.5023,2.5273
8,23,-20.654,-3.586,100.495,88.747,-0.6063,-0.1053,2.95,2.6051,2.5273
8,24,-21.115,0.072,100.495,92.435,-0.6198,0.0021,2.95,2.7134,2.5273
8,25,-21.881,3.679,100.495,96.123,-0.6423,0.108,2.95,2.8217,2.5273
8,26,-23.134,7.729,100.495,100.364,-0.6791,0.2269,2.95,2.9462,2.5273
8,27,-24.122,10.213,100.495,103.038,-0.7081,0.2998,2.95,3.0246,2.5273
8,28,-25.472,13.042,100.495,106.173,-0.7477,0.3829,2.95,3.1167,2.5273
8,29,-27.214,16.081,100.495,109.677,-0.7989,0.4721,2.95,3.2195,2.5273
8,30,-28.705,18.301,100.495,112.351,-0.8426,0.5372,2.95,3.298,2.5273
8,31,-32.9,23.318,100.495,118.897,-0.9658,0.6845,2.95,3.4902,2.5273
9,0,-73.466,-50.093,96.345,7.054,-2.1566,-1.4705,2.8282,0.2071,2.4055
9,1,-70.287,-50.649,96.345,10.281,-2.0633,-1.4868,2.8282,0.3018,2.4055
9,2,-67.261,-50.958,96.345,13.324,-1.9744,-1.4958,2.8282,0.3911,2.4055
9,3,-63.575,-51.049,96.345,17.012,-1.8662,-1.4985,2.8282,0.4994,2.4055
9,4,-59.803,-50.821,96.345,20.792,-1.7555,-1.4918,2.8282,0.6103,2.4055
9,5,-57.153,-50.464,96.345,23.466,-1.6777,-1.4813,2.8282,0.6888,2.4055
9,6,-53.545,-49.708,96.345,27.154,-1.5718,-1.4591,2.8282,0.7971,2.4055
9,7,-51.062,-48.999,96.345,29.736,-1.4989,-1.4383,2.8282,0.8729,2.4055
9,8,-48.799,-48.211,96.345,32.133,-1.4325,-1.4152,2.8282,0.9433,2.4055
9,9,-45.326,-46.721,96.345,35.914,-1.3305,-1.3715,2.8282,1.0542,2.4055
9,10,-41.678,-44.747,96.345,40.063,-1.2234,-1.3135,2.8282,1.176,2.4055
9,11,-38.381,-42.547,96.345,44.028,-1.1267,-1.249,2.8282,1.2924,2.4055
9,12,-36.276,-40.899,96.345,46.701,-1.0649,-1.2006,2.8282,1.3709,2.4055
9,13,-33.875,-38.744,96.345,49.929,-0.9944,-1.1373,2.8282,1.4656,2.4055
9,14,-30.557,-35.16,96.345,54.815,-0.897,-1.0321,2.8282,1.6091,2.4055
9,15,-28.808,-32.899,96.345,57.674,-0.8457,-0.9657,2.8282,1.693,2.4055
9,16,-26.587,-29.506,96.345,61.731,-0.7805,-0.8661,2.8282,1.8121,2.4055
9,17,-25.133,-26.834,96.345,64.773,-0.7378,-0.7877,2.8282,1.9014,2.4055
9,18,-23.692,-23.641,96.345,68.277,-0.6955,-0.694,2.8282,2.0043,2.4055
9,19,-22.567,-20.519,96.345,71.597,-0.6624,-0.6023,2.8282,2.1017,2.4055
9,20,-21.66,-17.231,96.345,75.008,-0.6358,-0.5058,2.8282,2.2018,2.4055
9,21,-21.193,-14.974,96.345,77.313,-0.6221,-0.4396,2.8282,2.2695,2.4055
9,22,-20.75,-11.871,96.345,80.448,-0.6091,-0.3485,2.8282,2.3615,2.4055
9,23,-20.51,-8.007,96.345,84.321,-0.6021,-0.2351,2.8282,2.4752,2.4055
9,24,-20.605,-4.229,96.345,88.101,-0.6049,-0.1242,2.8282,2.5862,2.4055
9,25,-20.944,-1.021,96.345,91.328,-0.6148,-0.03,2.8282,2.6809,2.4055
9,26,-21.704,2.963,96.345,95.385,-0.6371,0.087,2.8282,2.8,2.4055
9,27,-23.261,8.076,96.345,100.733,-0.6828,0.2371,2.8282,2.957,2.4055
9,28,-24.196,10.382,96.345,103.223,-0.7103,0.3048,2.8282,3.0301,2.4055
9,29,-25.907,13.855,96.345,107.095,-0.7605,0.4067,2.8282,3.1437,2.4055
9,30,-27.866,17.087,96.345,110.876,-0.818,0.5016,2.8282,3.2547,2.4055
9,31,-33.615,24.037,96.345,119.912,-0.9868,0.7056,2.8282,3.52,2.4055
10,0,-73.556,-50.074,92.01,6.961,-2.1592,-1.4699,2.7009,0.2043,2.2782
10,1,-68.731,-50.834,92.01,11.848,-2.0176,-1.4922,2.7009,0.3478,2.2782
10,2,-65.603,-51.037,92.01,14.983,-1.9258,-1.4982,2.7009,0.4398,2.2782
10,3,-62.561,-51.02,92.01,18.026,-1.8365,-1.4977,2.7009,0.5291,2.2782
10,4,-58.704,-50.693,92.01,21.899,-1.7232,-1.4881,2.7009,0.6428,2.2782
10,5,-55.974,-50.251,92.01,24.665,-1.6431,-1.4751,2.7009,0.724,2.2782
10,6,-52.742,-49.496,92.01,27.984,-1.5482,-1.4529,2.7009,0.8215,2.2782
10,7,-49.404,-48.435,92.01,31.488,-1.4502,-1.4218,2.7009,0.9243,2.2782
10,8,-45.326,-46.721,92.01,35.914,-1.3305,-1.3715,2.7009,1.0542,2.2782
10,9,-42.792,-45.398,92.01,38.772,-1.2562,-1.3326,2.7009,1.1381,2.2782
10,10,-40.196,-43.812,92.01,41.815,-1.1799,-1.2861,2.7009,1.2275,2.2782
10,11,-37.207,-41.654,92.01,45.503,-1.0922,-1.2227,2.7009,1.3357,2.2782
10,12,-34.544,-39.378,92.01,49.007,-1.014,-1.1559,2.7009,1.4386,2.2782
10,13,-31.823,-36.624,92.01,52.879,-0.9342,-1.0751,2.7009,1.5522,2.2782
10,14,-30.034,-34.515,92.01,55.645,-0.8816,-1.0132,2.7009,1.6334,2.2782
10,15,-27.309,-30.685,92.01,60.348,-0.8016,-0.9008,2.7009,1.7715,2.2782
10,16,-25.859,-28.223,92.01,63.206,-0.7591,-0.8285,2.7009,1.8554,2.2782
10,17,-23.867,-24.067,92.01,67.816,-0.7006,-0.7065,2.7009,1.9907,2.2782
10,18,-21.949,-18.394,92.01,73.809,-0.6443,-0.54,2.7009,2.1666,2.2782
10,19,-21.26,-15.337,92.01,76.944,-0.6241,-0.4502,2.7009,2.2587,2.2782
10,20,-20.77,-12.055,92.01,80.264,-0.6097,-0.3539,2.7009,2.3561,2.2782
10,21,-20.523,-8.56,92.01,83.768,-0.6024,-0.2513,2.7009,2.459,2.2782
10,22,-20.741,-2.668,92.01,89.669,-0.6088,-0.0783,2.7009,2.6322,2.2782
10,23,-21.813,3.411,92.01,95.846,-0.6403,0.1001,2.7009,2.8135,2.2782
10,24,-22.858,6.947,92.01,99.534,-0.671,0.2039,2.7009,2.9218,2.2782
10,25,-24.732,11.557,92.01,104.514,-0.726,0.3392,2.7009,3.068,2.2782
10,26,-25.862,13.775,92.01,107.003,-0.7592,0.4043,2.7009,3.141,2.2782
10,27,-27.612,16.702,92.01,110.415,-0.8105,0.4903,2.7009,3.2412,2.2782
10,28,-33.615,24.037,92.01,119.912,-0.9868,0.7056,2.7009,3.52,2.2782
10,29,-36.069,26.272,92.01,123.231,-1.0588,0.7712,2.7009,3.6174,2.2782
11,0,-73.466,-50.093,87.675,7.054,-2.1566,-1.4705,2.5737,0.2071,2.151
11,1,-70.287,-50.649,87.675,10.281,-2.0633,-1.4868,2.5737,0.3018,2.151
11,2,-66.617,-50.996,87.675,13.969,-1.9555,-1.497,2.5737,0.4101,2.151
11,3,-63.483,-51.048,87.675,17.104,-1.8635,-1.4985,2.5737,0.5021,2.151
11,4,-60.905,-50.922,87.675,19.686,-1.7878,-1.4948,2.5737,0.5779,2.151
11,5,-56.971,-50.433,87.675,23.65,-1.6724,-1.4805,2.5737,0.6942,2.151
11,6,-53.366,-49.662,87.675,27.339,-1.5665,-1.4578,2.5737,0.8025,2.151
11,7,-50.799,-48.914,87.675,30.012,-1.4912,-1.4359,2.5737,0.881,2.151
11,8,-47.173,-47.558,87.675,33.885,-1.3848,-1.396,2.5737,0.9947,2.151
11,9,-44.007,-46.059,87.675,37.389,-1.2918,-1.352,2.5737,1.0975,2.151
11,10,-41.049,-44.361,87.675,40.8,-1.205,-1.3022,2.5737,1.1977,2.151
11,11,-38.158,-42.383,87.675,44.304,-1.1201,-1.2441,2.5737,1.3005,2.151
11,12,-35.993,-40.662,87.675,47.07,-1.0566,-1.1936,2.5737,1.3817,2.151
11,13,-33.283,-38.162,87.675,50.758,-0.977,-1.1202,2.5737,1.49,2.151
11,14,-30.852,-35.513,87.675,54.354,-0.9057,-1.0425,2.5737,1.5956,2.151
11,15,-28.593,-32.599,87.675,58.043,-0.8394,-0.9569,2.5737,1.7038,2.151
11,16,-26.082,-28.626,87.675,62.745,-0.7656,-0.8403,2.5737,1.8419,2.151
11,17,-24.573,-25.671,87.675,66.064,-0.7213,-0.7536,2.5737,1.9393,2.151
11,18,-22.886,-21.482,87.675,70.582,-0.6718,-0.6306,2.5737,2.0719,2.151
11,19,-22.069,-18.839,87.675,73.348,-0.6478,-0.553,2.5737,2.1531,2.151
11,20,-21.347,-15.789,87.675,76.483,-0.6266,-0.4635,2.5737,2.2451,2.151
11,21,-20.823,-12.513,87.675,79.803,-0.6112,-0.3673,2.5737,2.3426,2.151
11,22,-20.523,-8.56,87.675,83.768,-0.6024,-0.2513,2.5737,2.459,2.151
11,23,-20.54,-5.426,87.675,86.902,-0.6029,-0.1593,2.5737,2.551,2.151
11,24,-20.932,-1.112,87.675,91.236,-0.6144,-0.0326,2.5737,2.6782,2.151
11,25,-21.519,2.154,87.675,94.555,-0.6317,0.0632,2.5737,2.7756,2.151
11,26,-22.569,6.071,87.675,98.612,-0.6625,0.1782,2.5737,2.8947,2.151
11,27,-23.424,8.507,87.675,101.194,-0.6876,0.2497,2.5737,2.9705,2.151
11,28,-24.772,11.64,87.675,104.606,-0.7272,0.3417,2.5737,3.0707,2.151
11,29,-26.971,15.689,87.675,109.216,-0.7917,0.4606,2.5737,3.206,2.151
11,30,-28.491,18.0,87.675,111.982,-0.8363,0.5284,2.5737,3.2872,2.151
11,31,-33.093,23.516,87.675,119.174,-0.9714,0.6903,2.5737,3.4983,2.151
11,32,-35.788,26.033,87.675,122.862,-1.0505,0.7642,2.5737,3.6066,2.151
12,0,-72.381,-50.31,83.525,8.16,-2.1247,-1.4768,2.4518,0.2395,2.0291
12,1,-70.013,-50.686,83.525,10.557,-2.0552,-1.4879,2.4518,0.3099,2.0291
12,2,-65.327,-51.044,83.525,15.26,-1.9176,-1.4984,2.4518,0.4479,2.0291
12,3,-62.377,-51.012,83.525,18.21,-1.8311,-1.4974,2.4518,0.5346,2.0291
12,4,-57.244,-50.479,83.525,23.374,-1.6804,-1.4818,2.4518,0.6861,2.0291
12,5,-54.89,-50.027,83.525,25.771,-1.6113,-1.4685,2.4518,0.7565,2.0291
12,6,-51.944,-49.269,83.525,28.814,-1.5248,-1.4463,2.4518,0.8458,2.0291
12,7,-47.769,-47.806,83.525,33.24,-1.4022,-1.4033,2.4518,0.9757,2.0291
12,8,-45.326,-46.721,83.525,35.914,-1.3305,-1.3715,2.4518,1.0542,2.0291
12,9,-42.392,-45.169,83.525,39.233,-1.2444,-1.3259,2.4518,1.1517,2.0291
12,10,-39.356,-43.244,83.525,42.829,-1.1553,-1.2694,2.4518,1.2572,2.0291
12,11,-36.846,-41.367,83.525,45.964,-1.0816,-1.2143,2.4518,1.3492,2.0291
12,12,-34.409,-39.252,83.525,49.191,-1.0101,-1.1522,2.4518,1.444,2.0291
12,13,-30.734,-35.372,83.525,54.539,-0.9022,-1.0383,2.4518,1.601,2.0291
12,14,-28.54,-32.524,83.525,58.135,-0.8378,-0.9547,2.4518,1.7065,2.0291
12,15,-26.729,-29.743,83.525,61.454,-0.7846,-0.8731,2.4518,1.804,2.0291
12,16,-25.554,-27.654,83.525,63.851,-0.7501,-0.8118,2.4518,1.8743,2.0291
12,17,-23.867,-24.067,83.525,67.816,-0.7006,-0.7065,2.4518,1.9907,2.0291
12,18,-22.652,-20.782,83.525,71.32,-0.6649,-0.6101,2.4518,2.0936,2.0291
12,19,-21.857,-18.037,83.525,74.178,-0.6416,-0.5295,2.4518,2.1775,2.0291
12,20,-20.834,-12.604,83.525,79.711,-0.6116,-0.37,2.4518,2.3399,2.0291
12,21,-20.504,-6.901,83.525,85.427,-0.6019,-0.2026,2.4518,2.5077,2.0291
12,22,-20.67,-3.402,83.525,88.931,-0.6068,-0.0999,2.4518,2.6105,2.0291
12,23,-21.162,0.345,83.525,92.711,-0.6212,0.0101,2.4518,2.7215,2.0291
12,24,-21.791,3.321,83.525,95.754,-0.6397,0.0975,2.4518,2.8108,2.0291
12,25,-23.102,7.643,83.525,100.272,-0.6782,0.2243,2.4518,2.9434,2.0291
12,26,-24.013,9.959,83.525,102.762,-0.7049,0.2924,2.4518,3.0165,2.0291
12,27,-25.472,13.042,83.525,106.173,-0.7477,0.3829,2.4518,3.1167,2.0291
12,28,-27.02,15.768,83.525,109.308,-0.7931,0.4629,2.4518,3.2087,2.0291
12,29,-28.975,18.674,83.525,112.812,-0.8506,0.5482,2.4518,3.3115,2.0291
12,30,-32.644,23.053,83.525,118.529,-0.9583,0.6767,2.4518,3.4794,2.0291
13,0,-72.199,-50.344,79.006,8.344,-2.1194,-1.4778,2.3192,0.2449,1.8965
13,1,-69.006,-50.806,79.006,11.572,-2.0257,-1.4914,2.3192,0.3397,1.8965
13,2,-66.525,-51.001,79.006,14.061,-1.9528,-1.4971,2.3192,0.4128,1.8965
13,3,-61.18,-50.942,79.006,19.409,-1.7959,-1.4954,2.3192,0.5697,1.8965
13,4,-58.795,-50.705,79.006,21.806,-1.7259,-1.4884,2.3192,0.6401,1.8965
13,5,-52.121,-49.321,79.006,28.629,-1.53,-1.4478,2.3192,0.8404,1.8965
13,6,-47.513,-47.701,79.006,33.516,-1.3947,-1.4002,2.3192,0.9839,1.8965
13,7,-43.926,-46.016,79.006,37.481,-1.2894,-1.3508,2.3192,1.1002,1.8965
13,8,-40.583,-44.064,79.006,41.354,-1.1913,-1.2935,2.3192,1.2139,1.8965
13,9,-37.497,-41.881,79.006,45.134,-1.1007,-1.2294,2.3192,1.3249,1.8965
13,10,-35.296,-40.059,79.006,47.992,-1.0361,-1.1759,2.3192,1.4088,1.8965
13,11,-33.153,-38.031,79.006,50.943,-0.9732,-1.1164,2.3192,1.4954,1.8965
13,12,-29.692,-34.08,79.006,56.198,-0.8716,-1.0004,2.3192,1.6497,1.8965
13,13,-28.016,-31.766,79.006,59.057,-0.8224,-0.9325,2.3192,1.7336,1.8965
13,14,-24.848,-26.254,79.006,65.419,-0.7294,-0.7707,2.3192,1.9203,1.8965
13,15,-23.762,-23.812,79.006,68.093,-0.6975,-0.699,2.3192,1.9988,1.8965
13,16,-22.595,-20.607,79.006,71.504,-0.6633,-0.6049,2.3192,2.099,1.8965
13,17,-21.639,-17.141,79.006,75.1,-0.6352,-0.5032,2.3192,2.2045,1.8965
13,18,-21.011,-13.883,79.006,78.42,-0.6168,-0.4075,2.3192,2.302,1.8965
13,19,-20.646,-10.77,79.006,81.555,-0.6061,-0.3161,2.3192,2.394,1.8965
13,20,-20.503,-7.362,79.006,84.966,-0.6019,-0.2161,2.3192,2.4942,1.8965
13,21,-20.741,-2.668,79.006,89.669,-0.6088,-0.0783,2.3192,2.6322,1.8965
13,22,-21.278,0.98,79.006,93.357,-0.6246,0.0288,2.3192,2.7405,1.8965
13,23,-21.769,3.232,79.006,95.662,-0.639,0.0949,2.3192,2.8081,1.8965
13,24,-22.682,6.422,79.006,98.981,-0.6658,0.1885,2.3192,2.9056,1.8965
13,25,-24.122,10.213,79.006,103.038,-0.7081,0.2998,2.3192,3.0246,1.8965
13,26,-25.387,12.879,79.006,105.989,-0.7452,0.3781,2.3192,3.1113,1.8965
13,27,-27.263,16.159,79.006,109.769,-0.8003,0.4743,2.3192,3.2222,1.8965
13,28,-28.758,18.376,79.006,112.443,-0.8442,0.5394,2.3192,3.3007,1.8965
13,29,-33.615,24.037,79.006,119.912,-0.9868,0.7056,2.3192,3.52,1.8965
14,0,-73.736,-50.035,73.749,6.777,-2.1645,-1.4688,2.1649,0.1989,1.7422
14,1,-70.835,-50.571,73.749,9.728,-2.0793,-1.4845,2.1649,0.2855,1.7422
14,2,-63.391,-51.046,73.749,17.196,-1.8608,-1.4984,2.1649,0.5048,1.7422
14,3,-59.344,-50.771,73.749,21.253,-1.742,-1.4904,2.1649,0.6239,1.7422
14,4,-54.62,-49.966,73.749,26.048,-1.6034,-1.4667,2.1649,0.7646,1.7422
14,5,-52.21,-49.346,73.749,28.537,-1.5326,-1.4485,2.1649,0.8377,1.7422
14,6,-49.231,-48.372,73.749,31.672,-1.4451,-1.4199,2.1649,0.9297,1.7422
14,7,-46.329,-47.188,73.749,34.807,-1.36,-1.3852,2.1649,1.0217,1.7422
14,8,-42.632,-45.307,73.749,38.956,-1.2514,-1.33,2.1649,1.1435,1.7422
14,9,-39.584,-43.401,73.749,42.552,-1.162,-1.274,2.1649,1.2491,1.7422
14,10,-36.631,-41.193,73.749,46.24,-1.0753,-1.2092,2.1649,1.3574,1.7422
14,11,-32.26,-37.099,73.749,52.234,-0.947,-1.089,2.1649,1.5333,1.7422
14,12,-29.636,-34.007,73.749,56.291,-0.87,-0.9983,2.1649,1.6524,1.7422
14,13,-27.76,-31.382,73.749,59.518,-0.8149,-0.9212,2.1649,1.7471,1.7422
14,14,-25.64,-27.817,73.749,63.667,-0.7527,-0.8166,2.1649,1.8689,1.7422
14,15,-24.23,-24.915,73.749,66.894,-0.7113,-0.7314,2.1649,1.9637,1.7422
14,16,-22.916,-21.569,73.749,70.49,-0.6727,-0.6331,2.1649,2.0692,1.7422
14,17,-22.069,-18.839,73.749,73.348,-0.6478,-0.553,2.1649,2.1531,1.7422
14,18,-21.329,-15.699,73.749,76.576,-0.6261,-0.4608,2.1649,2.2478,1.7422
14,19,-20.79,-12.238,73.749,80.079,-0.6103,-0.3592,2.1649,2.3507,1.7422
14,20,-20.536,-8.929,73.749,83.399,-0.6028,-0.2621,2.1649,2.4481,1.7422
14,21,-20.576,-4.69,73.749,87.64,-0.604,-0.1377,2.1649,2.5726,1.7422
14,22,-20.985,-0.747,73.749,91.605,-0.616,-0.0219,2.1649,2.689,1.7422
14,23,-21.62,2.604,73.749,95.016,-0.6346,0.0764,2.1649,2.7892,1.7422
14,24,-22.351,5.366,73.749,97.875,-0.6561,0.1575,2.1649,2.8731,1.7422
14,25,-23.73,9.278,73.749,102.024,-0.6966,0.2724,2.1649,2.9949,1.7422
14,26,-25.731,13.531,73.749,106.726,-0.7553,0.3972,2.1649,3.1329,1.7422
14,27,-27.165,16.003,73.749,109.585,-0.7974,0.4698,2.1649,3.2168,1.7422
14,28,-28.866,18.525,73.749,112.627,-0.8474,0.5438,2.1649,3.3061,1.7422
14,29,-32.644,23.053,73.749,118.529,-0.9583,0.6767,2.1649,3.4794,1.7422
15,0,-73.556,-50.074,69.599,6.961,-2.1592,-1.4699,2.043,0.2043,1.6203
15,1,-69.006,-50.806,69.599,11.572,-2.0257,-1.4914,2.043,0.3397,1.6203
15,2,-66.525,-51.001,69.599,14.061,-1.9528,-1.4971,2.043,0.4128,1.6203
15,3,-63.667,-51.051,69.599,16.919,-1.8689,-1.4986,2.043,0.4967,1.6203
15,4,-58.795,-50.705,69.599,21.806,-1.7259,-1.4884,2.043,0.6401,1.6203
15,5,-56.336,-50.32,69.599,24.296,-1.6537,-1.4771,2.043,0.7132,1.6203
15,6,-52.92,-49.544,69.599,27.8,-1.5535,-1.4544,2.043,0.816,1.6203
15,7,-50.274,-48.74,69.599,30.566,-1.4758,-1.4307,2.043,0.8972,1.6203
15,8,-46.919,-47.448,69.599,34.162,-1.3773,-1.3928,2.043,1.0028,1.6203
15,9,-42.552,-45.261,69.599,39.048,-1.2491,-1.3286,2.043,1.1463,1.6203
15,10,-40.196,-43.812,69.599,41.815,-1.1799,-1.2861,2.043,1.2275,1.6203
15,11,-38.158,-42.383,69.599,44.304,-1.1201,-1.2441,2.043,1.3005,1.6203
15,12,-35.643,-40.362,69.599,47.531,-1.0463,-1.1848,2.043,1.3953,1.6203
15,13,-31.394,-36.142,69.599,53.525,-0.9216,-1.0609,2.043,1.5712,1.6203
15,14,-29.356,-33.641,69.599,56.752,-0.8617,-0.9875,2.043,1.6659,1.6203
15,15,-27.26,-30.608,69.599,60.44,-0.8002,-0.8985,2.043,1.7742,1.6203
15,16,-25.341,-27.245,69.599,64.312,-0.7439,-0.7998,2.043,1.8879,1.6203
15,17,-23.797,-23.897,69.599,68.001,-0.6985,-0.7015,2.043,1.9961,1.6203
15,18,-22.429,-20.079,69.599,72.058,-0.6584,-0.5894,2.043,2.1152,1.6203
15,19,-21.681,-17.321,69.599,74.916,-0.6364,-0.5084,2.043,2.1991,1.6203
15,20,-20.97,-13.609,69.599,78.696,-0.6156,-0.3995,2.043,2.3101,1.6203
15,21,-20.587,-9.942,69.599,82.384,-0.6043,-0.2918,2.043,2.4184,1.6203
15,22,-20.548,-5.242,69.599,87.087,-0.6032,-0.1539,2.043,2.5564,1.6203
15,23,-20.858,-1.66,69.599,90.683,-0.6123,-0.0487,2.043,2.662,1.6203
15,24,-21.599,2.514,69.599,94.924,-0.634,0.0738,2.043,2.7865,1.6203
15,25,-22.769,6.685,69.599,99.258,-0.6684,0.1962,2.043,2.9137,1.6203
15,26,-23.977,9.874,69.599,102.669,-0.7038,0.2899,2.043,3.0138,1.6203
15,27,-25.951,13.936,69.599,107.187,-0.7618,0.4091,2.043,3.1464,1.6203
15,28,-28.02,17.317,69.599,111.152,-0.8225,0.5083,2.043,3.2628,1.6203
16,0,-73.105,-50.169,65.172,7.422,-2.146,-1.4727,1.9131,0.2179,1.4904
16,1,-70.287,-50.649,65.172,10.281,-2.0633,-1.4868,1.9131,0.3018,1.4904
16,2,-66.064,-51.022,65.172,14.522,-1.9393,-1.4977,1.9131,0.4263,1.4904
16,3,-63.575,-51.049,65.172,17.012,-1.8662,-1.4985,1.9131,0.4994,1.4904
16,4,-59.528,-50.792,65.172,21.069,-1.7474,-1.491,1.9131,0.6185,1.4904
16,5,-55.341,-50.124,65.172,25.31,-1.6245,-1.4714,1.9131,0.743,1.4904
16,6,-52.476,-49.422,65.172,28.261,-1.5404,-1.4508,1.9131,0.8296,1.4904
16,7,-50.099,-48.681,65.172,30.75,-1.4706,-1.429,1.9131,0.9027,1.4904
16,8,-46.413,-47.226,65.172,34.715,-1.3624,-1.3863,1.9131,1.019,1.4904
16,9,-43.844,-45.973,65.172,37.573,-1.287,-1.3495,1.9131,1.1029,1.4904
16,10,-39.813,-43.556,65.172,42.276,-1.1687,-1.2786,1.9131,1.241,1.4904
16,11,-36.774,-41.309,65.172,46.056,-1.0795,-1.2126,1.9131,1.352,1.4904
16,12,-33.808,-38.68,65.172,50.021,-0.9924,-1.1354,1.9131,1.4683,1.4904
16,13,-32.01,-36.829,65.172,52.603,-0.9396,-1.0811,1.9131,1.5441,1.4904
16,14,-29.806,-34.226,65.172,56.014,-0.8749,-1.0047,1.9131,1.6443,1.4904
16,15,-27.558,-31.074,65.172,59.887,-0.809,-0.9122,1.9131,1.7579,1.4904
16,16,-25.903,-28.304,65.172,63.114,-0.7604,-0.8308,1.9131,1.8527,1.4904
16,17,-24.381,-25.252,65.172,66.525,-0.7157,-0.7413,1.9131,1.9528,1.4904
16,18,-23.038,-21.917,65.172,70.121,-0.6763,-0.6434,1.9131,2.0584,1.4904
16,19,-21.857,-18.037,65.172,74.178,-0.6416,-0.5295,1.9131,2.1775,1.4904
16,20,-21.145,-14.702,65.172,77.59,-0.6207,-0.4316,1.9131,2.2776,1.4904
16,21,-20.678,-11.137,65.172,81.186,-0.607,-0.3269,1.9131,2.3832,1.4904
16,22,-20.508,-6.532,65.172,85.796,-0.602,-0.1918,1.9131,2.5185,1.4904
16,23,-20.618,-4.045,65.172,88.286,-0.6052,-0.1188,1.9131,2.5916,1.4904
16,24,-21.012,-0.565,65.172,91.789,-0.6168,-0.0166,1.9131,2.6944,1.4904
16,25,-21.704,2.963,65.172,95.385,-0.6371,0.087,1.9131,2.8,1.4904
16,26,-22.325,5.278,65.172,97.783,-0.6553,0.1549,1.9131,2.8704,1.4904
16,27,-23.424,8.507,65.172,101.194,-0.6876,0.2497,1.9131,2.9705,1.4904
16,28,-24.46,10.972,65.172,103.868,-0.718,0.3221,1.9131,3.049,1.4904
16,29,-26.405,14.739,65.172,108.109,-0.7751,0.4327,1.9131,3.1735,1.4904
16,30,-27.968,17.24,65.172,111.06,-0.821,0.5061,1.9131,3.2601,1.4904
16,31,-33.879,24.295,65.172,120.28,-0.9945,0.7132,1.9131,3.5308,1.4904
17,0,-72.109,-50.36,60.929,8.437,-2.1167,-1.4783,1.7886,0.2477,1.3658
17,1,-66.801,-50.986,60.929,13.785,-1.9609,-1.4967,1.7886,0.4046,1.3658
17,2,-63.944,-51.054,60.929,16.643,-1.877,-1.4987,1.7886,0.4885,1.3658
17,3,-59.619,-50.802,60.929,20.976,-1.7501,-1.4913,1.7886,0.6158,1.3658
17,4,-56.245,-50.303,60.929,24.388,-1.6511,-1.4766,1.7886,0.7159,1.3658
17,5,-52.831,-49.52,60.929,27.892,-1.5508,-1.4536,1.7886,0.8188,1.3658
17,6,-49.838,-48.59,60.929,31.027,-1.463,-1.4263,1.7886,0.9108,1.3658
17,7,-47.088,-47.521,60.929,33.977,-1.3823,-1.395,1.7886,0.9974,1.3658
17,8,-44.171,-46.144,60.929,37.204,-1.2966,-1.3545,1.7886,1.0921,1.3658
17,9,-41.128,-44.409,60.929,40.708,-1.2073,-1.3036,1.7886,1.195,1.3658
17,10,-38.158,-42.383,60.929,44.304,-1.1201,-1.2441,1.7886,1.3005,1.3658
17,11,-34.544,-39.378,60.929,49.007,-1.014,-1.1559,1.7886,1.4386,1.3658
17,12,-32.072,-36.896,60.929,52.51,-0.9415,-1.0831,1.7886,1.5414,1.3658
17,13,-29.245,-33.493,60.929,56.936,-0.8585,-0.9832,1.7886,1.6713,1.3658
17,14,-27.76,-31.382,60.929,59.518,-0.8149,-0.9212,1.7886,1.7471,1.3658
17,15,-25.684,-27.898,60.929,63.575,-0.7539,-0.8189,1.7886,1.8662,1.3658
17,16,-24.381,-25.252,60.929,66.525,-0.7157,-0.7413,1.7886,1.9528,1.3658
17,17,-23.131,-22.177,60.929,69.845,-0.679,-0.651,1.7886,2.0503,1.3658
17,18,-21.926,-18.305,60.929,73.902,-0.6436,-0.5373,1.7886,2.1694,1.3658
17,19,-21.177,-14.883,60.929,77.405,-0.6216,-0.4369,1.7886,2.2722,1.3658
17,20,-20.703,-11.413,60.929,80.909,-0.6077,-0.335,1.7886,2.3751,1.3658
17,21,-20.51,-8.007,60.929,84.321,-0.6021,-0.2351,1.7886,2.4752,1.3658
17,22,-20.599,-4.321,60.929,88.009,-0.6047,-0.1269,1.7886,2.5835,1.3658
17,23,-21.012,-0.565,60.929,91.789,-0.6168,-0.0166,1.7886,2.6944,1.3658
17,24,-21.62,2.604,60.929,95.016,-0.6346,0.0764,1.7886,2.7892,1.3658
17,25,-22.625,6.247,60.929,98.797,-0.6642,0.1834,1.7886,2.9001,1.3658
17,26,-24.271,10.551,60.929,103.407,-0.7125,0.3097,1.7886,3.0355,1.3658
17,27,-25.514,13.124,60.929,106.265,-0.749,0.3853,1.7886,3.1194,1.3658
17,28,-26.827,15.453,60.929,108.939,-0.7875,0.4536,1.7886,3.1979,1.3658
17,29,-28.866,18.525,60.929,112.627,-0.8474,0.5438,1.7886,3.3061,1.3658
17,30,-33.55,23.973,60.929,119.819,-0.9848,0.7037,1.7886,3.5173,1.3658
18,0,-73.105,-50.169,56.779,7.422,-2.146,-1.4727,1.6667,0.2179,1.244
18,1,-70.196,-50.662,56.779,10.373,-2.0606,-1.4872,1.6667,0.3045,1.244
18,2,-67.261,-50.958,56.779,13.324,-1.9744,-1.4958,1.6667,0.3911,1.244
18,3,-64.128,-51.055,56.779,16.458,-1.8825,-1.4987,1.6667,0.4831,1.244
18,4,-60.353,-50.875,56.779,20.239,-1.7717,-1.4934,1.6667,0.5941,1.244
18,5,-57.882,-50.579,56.779,22.728,-1.6991,-1.4847,1.6667,0.6672,1.244
18,6,-53.455,-49.685,56.779,27.246,-1.5692,-1.4585,1.6667,0.7998,1.244
18,7,-50.799,-48.914,56.779,30.012,-1.4912,-1.4359,1.6667,0.881,1.244
18,8,-48.454,-48.079,56.779,32.502,-1.4224,-1.4113,1.6667,0.9541,1.244
18,9,-44.994,-46.559,56.779,36.282,-1.3208,-1.3667,1.6667,1.0651,1.244
18,10,-41.836,-44.842,56.779,39.878,-1.2281,-1.3163,1.6667,1.1706,1.244
18,11,-39.13,-43.085,56.779,43.105,-1.1486,-1.2648,1.6667,1.2653,1.244
18,12,-36.064,-40.722,56.779,46.978,-1.0586,-1.1954,1.6667,1.379,1.244
18,13,-32.703,-37.569,56.779,51.588,-0.96,-1.1028,1.6667,1.5144,1.244
18,14,-30.734,-35.372,56.779,54.539,-0.9022,-1.0383,1.6667,1.601,1.244
18,15,-28.808,-32.899,56.779,57.674,-0.8457,-0.9657,1.6667,1.693,1.244
18,16,-27.508,-30.996,56.779,59.979,-0.8075,-0.9099,1.6667,1.7607,1.244
18,17,-25.468,-27.491,56.779,64.036,-0.7476,-0.807,1.6667,1.8797,1.244
18,18,-23.974,-24.322,56.779,67.54,-0.7038,-0.714,1.6667,1.9826,1.244
18,19,-22.886,-21.482,56.779,70.582,-0.6718,-0.6306,1.6667,2.0719,1.244
18,20,-21.812,-17.858,56.779,74.363,-0.6403,-0.5242,1.6667,2.1829,1.244
18,21,-21.193,-14.974,56.779,77.313,-0.6221,-0.4396,1.6667,2.2695,1.244
18,22,-20.686,-11.229,56.779,81.094,-0.6072,-0.3296,1.6667,2.3805,1.244
18,23,-20.504,-7.546,56.779,84.782,-0.6019,-0.2215,1.6667,2.4887,1.244
18,24,-20.625,-3.954,56.779,88.378,-0.6054,-0.1161,1.6667,2.5943,1.244
18,25,-20.998,-0.656,56.779,91.697,-0.6164,-0.0193,1.6667,2.6917,1.244
18,26,-21.64,2.694,56.779,95.109,-0.6352,0.0791,1.6667,2.7919,1.244
18,27,-22.682,6.422,56.779,98.981,-0.6658,0.1885,1.6667,2.9056,1.244
18,28,-24.049,10.044,56.779,102.854,-0.706,0.2948,1.6667,3.0192,1.244
18,29,-25.387,12.879,56.779,105.989,-0.7452,0.3781,1.6667,3.1113,1.244
18,30,-26.638,15.137,56.779,108.57,-0.7819,0.4443,1.6667,3.187,1.244
18,31,-29.03,18.748,56.779,112.904,-0.8522,0.5503,1.6667,3.3143,1.244
18,32,-32.39,22.785,56.779,118.16,-0.9508,0.6688,1.6667,3.4685,1.244
19,0,-73.466,-50.093,52.26,7.054,-2.1566,-1.4705,1.5341,0.2071,1.1114
19,1,-70.287,-50.649,52.26,10.281,-2.0633,-1.4868,1.5341,0.3018,1.1114
19,2,-67.997,-50.902,52.26,12.586,-1.996,-1.4942,1.5341,0.3695,1.1114
19,3,-64.313,-51.056,52.26,16.274,-1.8879,-1.4987,1.5341,0.4777,1.1114
19,4,-60.17,-50.858,52.26,20.423,-1.7663,-1.4929,1.5341,0.5995,1.1114
19,5,-57.062,-50.449,52.26,23.558,-1.675,-1.4809,1.5341,0.6915,1.1114
19,6,-54.082,-49.84,52.26,26.601,-1.5875,-1.463,1.5341,0.7809,1.1114
19,7,-51.591,-49.163,52.26,29.183,-1.5144,-1.4432,1.5341,0.8566,1.1114
19,8,-48.111,-47.944,52.26,32.871,-1.4123,-1.4074,1.5341,0.9649,1.1114
19,9,-43.681,-45.886,52.26,37.758,-1.2822,-1.347,1.5341,1.1084,1.1114
19,10,-41.678,-44.747,52.26,40.063,-1.2234,-1.3135,1.5341,1.176,1.1114
19,11,-37.207,-41.654,52.26,45.503,-1.0922,-1.2227,1.5341,1.3357,1.1114
19,12,-35.227,-39.997,52.26,48.085,-1.0341,-1.1741,1.5341,1.4115,1.1114
19,13,-31.885,-36.692,52.26,52.787,-0.936,-1.0771,1.5341,1.5495,1.1114
19,14,-29.524,-33.861,52.26,56.475,-0.8667,-0.994,1.5341,1.6578,1.1114
19,15,-27.408,-30.841,52.26,60.163,-0.8046,-0.9053,1.5341,1.7661,1.1114
19,16,-25.092,-26.751,52.26,64.866,-0.7366,-0.7853,1.5341,1.9041,1.1114
19,17,-23.867,-24.067,52.26,67.816,-0.7006,-0.7065,1.5341,1.9907,1.1114
19,18,-22.623,-20.695,52.26,71.412,-0.6641,-0.6075,1.5341,2.0963,1.1114
19,19,-21.365,-15.88,52.26,76.391,-0.6272,-0.4661,1.5341,2.2424,1.1114
19,20,-20.823,-12.513,52.26,79.803,-0.6112,-0.3673,1.5341,2.3426,1.1114
19,21,-20.556,-9.39,52.26,82.938,-0.6034,-0.2756,1.5341,2.4346,1.1114
19,22,-20.516,-6.163,52.26,86.165,-0.6022,-0.1809,1.5341,2.5293,1.1114
19,23,-20.731,-2.76,52.26,89.576,-0.6086,-0.081,1.5341,2.6295,1.1114
19,24,-21.331,1.251,52.26,93.633,-0.6262,0.0367,1.5341,2.7486,1.1114
19,25,-22.096,4.481,52.26,96.953,-0.6486,0.1315,1.5341,2.846,1.1114
19,26,-23.229,7.989,52.26,100.641,-0.6819,0.2345,1.5341,2.9543,1.1114
19,27,-24.575,11.223,52.26,104.145,-0.7214,0.3294,1.5341,3.0571,1.1114
19,28,-26.13,14.258,52.26,107.556,-0.767,0.4186,1.5341,3.1573,1.1114
19,29,-28.651,18.226,52.26,112.259,-0.841,0.535,1.5341,3.2953,1.1114
19,30,-32.9,23.318,52.26,118.897,-0.9658,0.6845,1.5341,3.4902,1.1114
20,0,-73.105,-50.169,48.017,7.422,-2.146,-1.4727,1.4095,0.2179,0.9868
20,1,-70.196,-50.662,48.017,10.373,-2.0606,-1.4872,1.4095,0.3045,0.9868
20,2,-66.709,-50.991,48.017,13.877,-1.9582,-1.4968,1.4095,0.4073,0.9868
20,3,-63.391,-51.046,48.017,17.196,-1.8608,-1.4984,1.4095,0.5048,0.9868
20,4,-59.07,-50.739,48.017,21.53,-1.734,-1.4894,1.4095,0.632,0.9868
20,5,-56.245,-50.303,48.017,24.388,-1.6511,-1.4766,1.4095,0.7159,0.9868
20,6,-53.455,-49.685,48.017,27.246,-1.5692,-1.4585,1.4095,0.7998,0.9868
20,7,-50.711,-48.886,48.017,30.105,-1.4886,-1.435,1.4095,0.8837,0.9868
20,8,-47.854,-47.841,48.017,33.147,-1.4047,-1.4043,1.4095,0.973,0.9868
20,9,-44.746,-46.436,48.017,36.559,-1.3135,-1.3631,1.4095,1.0732,0.9868
20,10,-42.392,-45.169,48.017,39.233,-1.2444,-1.3259,1.4095,1.1517,0.9868
20,11,-40.043,-43.71,48.017,41.999,-1.1754,-1.2831,1.4095,1.2329,0.9868
20,12,-37.134,-41.597,48.017,45.595,-1.0901,-1.2211,1.4095,1.3384,0.9868
20,13,-34.208,-39.063,48.017,49.468,-1.0042,-1.1467,1.4095,1.4521,0.9868
20,14,-32.197,-37.032,48.017,52.326,-0.9451,-1.0871,1.4095,1.536,0.9868
20,15,-29.636,-34.007,48.017,56.291,-0.87,-0.9983,1.4095,1.6524,0.9868
20,16,-27.862,-31.536,48.017,59.333,-0.8179,-0.9257,1.4095,1.7417,0.9868
20,17,-26.172,-28.787,48.017,62.561,-0.7683,-0.845,1.4095,1.8364,0.9868
20,18,-24.381,-25.252,48.017,66.525,-0.7157,-0.7413,1.4095,1.9528,0.9868
20,19,-23.455,-23.041,48.017,68.923,-0.6885,-0.6764,1.4095,2.0232,0.9868
20,20,-22.143,-19.106,48.017,73.072,-0.65,-0.5608,1.4095,2.145,0.9868
20,21,-21.44,-16.241,48.017,76.022,-0.6294,-0.4768,1.4095,2.2316,0.9868
20,22,-20.632,-10.586,48.017,81.739,-0.6056,-0.3107,1.4095,2.3994,0.9868
20,23,-20.503,-7.454,48.017,84.874,-0.6019,-0.2188,1.4095,2.4914,0.9868
20,24,-20.599,-4.321,48.017,88.009,-0.6047,-0.1269,1.4095,2.5835,0.9868
20,25,-20.985,-0.747,48.017,91.605,-0.616,-0.0219,1.4095,2.689,0.9868
20,26,-21.725,3.053,48.017,95.477,-0.6377,0.0896,1.4095,2.8027,0.9868
20,27,-22.828,6.859,48.017,99.442,-0.6701,0.2014,1.4095,2.9191,0.9868
20,28,-23.941,9.79,48.017,102.577,-0.7028,0.2874,1.4095,3.0111,0.9868
20,29,-25.6,13.287,48.017,106.45,-0.7515,0.39,1.4095,3.1248,0.9868
20,30,-27.662,16.779,48.017,110.507,-0.812,0.4926,1.4095,3.2439,0.9868
20,31,-29.249,19.044,48.017,113.273,-0.8586,0.559,1.4095,3.3251,0.9868
21,0,-72.29,-50.327,43.683,8.252,-2.122,-1.4773,1.2823,0.2422,0.8596
21,1,-69.647,-50.732,43.683,10.926,-2.0445,-1.4892,1.2823,0.3207,0.8596
21,2,-66.893,-50.981,43.683,13.692,-1.9636,-1.4965,1.2823,0.4019,0.8596
21,3,-62.285,-51.008,43.683,18.303,-1.8284,-1.4973,1.2823,0.5373,0.8596
21,4,-56.79,-50.402,43.683,23.835,-1.667,-1.4795,1.2823,0.6997,0.8596
21,5,-53.455,-49.685,43.683,27.246,-1.5692,-1.4585,1.2823,0.7998,0.8596
21,6,-50.624,-48.857,43.683,30.197,-1.486,-1.4342,1.2823,0.8864,0.8596
21,7,-47.173,-47.558,43.683,33.885,-1.3848,-1.396,1.2823,0.9947,0.8596
21,8,-43.276,-45.667,43.683,38.219,-1.2703,-1.3405,1.2823,1.1219,0.8596
21,9,-40.893,-44.262,43.683,40.985,-1.2004,-1.2993,1.2823,1.2031,0.8596
21,10,-38.011,-42.272,43.683,44.489,-1.1158,-1.2409,1.2823,1.3059,0.8596
21,11,-34.141,-38.999,43.683,49.56,-1.0022,-1.1448,1.2823,1.4548,0.8596
21,12,-32.072,-36.896,43.683,52.51,-0.9415,-1.0831,1.2823,1.5414,0.8596
21,13,-30.092,-34.587,43.683,55.553,-0.8833,-1.0153,1.2823,1.6307,0.8596
21,14,-28.224,-32.07,43.683,58.688,-0.8285,-0.9414,1.2823,1.7228,0.8596
21,15,-25.684,-27.898,43.683,63.575,-0.7539,-0.8189,1.2823,1.8662,0.8596
21,16,-24.156,-24.746,43.683,67.079,-0.7091,-0.7264,1.2823,1.9691,0.8596
21,17,-23.1,-22.091,43.683,69.937,-0.6781,-0.6485,1.2823,2.053,0.8596
21,18,-22.323,-19.726,43.683,72.426,-0.6553,-0.579,1.2823,2.126,0.8596
21,19,-21.402,-16.061,43.683,76.207,-0.6283,-0.4715,1.2823,2.237,0.8596
21,20,-20.857,-12.787,43.683,79.526,-0.6122,-0.3754,1.2823,2.3345,0.8596
21,21,-20.52,-8.468,43.683,83.86,-0.6024,-0.2486,1.2823,2.4617,0.8596
21,22,-20.548,-5.242,43.683,87.087,-0.6032,-0.1539,1.2823,2.5564,0.8596
21,23,-20.971,-0.838,43.683,91.513,-0.6156,-0.0246,1.2823,2.6863,0.8596
21,24,-21.441,1.793,43.683,94.187,-0.6294,0.0526,1.2823,2.7648,0.8596
21,25,-22.047,4.303,43.683,96.768,-0.6472,0.1263,1.2823,2.8406,0.8596
21,26,-23.491,8.679,43.683,101.379,-0.6896,0.2548,1.2823,2.9759,0.8596
21,27,-24.972,12.055,43.683,105.067,-0.7331,0.3539,1.2823,3.0842,0.8596
21,28,-26.497,14.898,43.683,108.294,-0.7778,0.4373,1.2823,3.1789,0.8596
21,29,-28.975,18.674,43.683,112.812,-0.8506,0.5482,1.2823,3.3115,0.8596
21,30,-32.836,23.252,43.683,118.805,-0.9639,0.6826,1.2823,3.4875,0.8596
22,0,-72.833,-50.223,39.256,7.699,-2.138,-1.4743,1.1523,0.226,0.7296
22,1,-69.83,-50.709,39.256,10.742,-2.0498,-1.4886,1.1523,0.3153,0.7296
22,2,-66.985,-50.975,39.256,13.6,-1.9663,-1.4964,1.1523,0.3992,0.7296
22,3,-63.114,-51.039,39.256,17.473,-1.8527,-1.4982,1.1523,0.5129,0.7296
22,4,-58.978,-50.728,39.256,21.622,-1.7313,-1.4891,1.1523,0.6347,0.7296
22,5,-55.251,-50.105,39.256,25.402,-1.6219,-1.4708,1.1523,0.7457,0.7296
22,6,-51.944,-49.269,39.256,28.814,-1.5248,-1.4463,1.1523,0.8458,0.7296
22,7,-48.025,-47.91,39.256,32.963,-1.4098,-1.4064,1.1523,0.9676,0.7296
22,8,-45.077,-46.6,39.256,36.19,-1.3232,-1.3679,1.1523,1.0623,0.7296
22,9,-42.074,-44.983,39.256,39.602,-1.2351,-1.3205,1.1523,1.1625,0.7296
22,10,-39.508,-43.348,39.256,42.644,-1.1597,-1.2725,1.1523,1.2518,0.7296
22,11,-37.497,-41.881,39.256,45.134,-1.1007,-1.2294,1.1523,1.3249,0.7296
22,12,-32.576,-37.435,39.256,51.773,-0.9562,-1.0989,1.1523,1.5198,0.7296
22,13,-30.734,-35.372,39.256,54.539,-0.9022,-1.0383,1.1523,1.601,0.7296
22,14,-28.862,-32.974,39.256,57.582,-0.8472,-0.9679,1.1523,1.6903,0.7296
22,15,-26.92,-30.059,39.256,61.085,-0.7902,-0.8824,1.1523,1.7931,0.7296
22,16,-25.174,-26.916,39.256,64.681,-0.739,-0.7901,1.1523,1.8987,0.7296
22,17,-23.727,-23.726,39.256,68.185,-0.6965,-0.6965,1.1523,2.0015,0.7296
22,18,-22.297,-19.637,39.256,72.519,-0.6545,-0.5765,1.1523,2.1288,0.7296
22,19,-21.618,-17.052,39.256,75.193,-0.6346,-0.5005,1.1523,2.2072,0.7296
22,20,-20.931,-13.335,39.256,78.973,-0.6144,-0.3915,1.1523,2.3182,0.7296
22,21,-20.548,-9.205,39.256,83.122,-0.6032,-0.2702,1.1523,2.44,0.7296
22,22,-20.529,-5.703,39.256,86.626,-0.6026,-0.1674,1.1523,2.5429,0.7296
22,23,-20.791,-2.21,39.256,90.13,-0.6103,-0.0649,1.1523,2.6457,0.7296
22,24,-21.261,0.889,39.256,93.265,-0.6241,0.0261,1.1523,2.7377,0.7296
22,25,-22.351,5.366,39.256,97.875,-0.6561,0.1575,1.1523,2.8731,0.7296
22,26,-23.071,7.556,39.256,100.18,-0.6772,0.2218,1.1523,2.9407,0.7296
22,27,-24.196,10.382,39.256,103.223,-0.7103,0.3048,1.1523,3.0301,0.7296
22,28,-26.267,14.499,39.256,107.833,-0.7711,0.4256,1.1523,3.1654,0.7296
22,29,-27.512,16.548,39.256,110.23,-0.8076,0.4857,1.1523,3.2358,0.7296
22,30,-29.03,18.748,39.256,112.904,-0.8522,0.5503,1.1523,3.3143,0.7296
22,31,-32.772,23.186,39.256,118.713,-0.962,0.6806,1.1523,3.4848,0.7296
23,0,-72.562,-50.276,35.013,7.976,-2.13,-1.4758,1.0278,0.2341,0.6051
23,1,-69.556,-50.743,35.013,11.018,-2.0418,-1.4895,1.0278,0.3234,0.6051
23,2,-66.248,-51.014,35.013,14.338,-1.9447,-1.4975,1.0278,0.4209,0.6051
23,3,-60.997,-50.929,35.013,19.593,-1.7905,-1.495,1.0278,0.5752,0.6051
23,4,-55.612,-50.18,35.013,25.033,-1.6325,-1.473,1.0278,0.7348,0.6051
23,5,-50.887,-48.943,35.013,29.92,-1.4938,-1.4367,1.0278,0.8783,0.6051
23,6,-47.684,-47.771,35.013,33.332,-1.3997,-1.4023,1.0278,0.9784,0.6051
23,7,-45.16,-46.64,35.013,36.098,-1.3256,-1.3691,1.0278,1.0596,0.6051
23,8,-41.678,-44.747,35.013,40.063,-1.2234,-1.3135,1.0278,1.176,0.6051
23,9,-38.011,-42.272,35.013,44.489,-1.1158,-1.2409,1.0278,1.3059,0.6051
23,10,-34.952,-39.751,35.013,48.453,-1.026,-1.1669,1.0278,1.4223,0.6051
23,11,-32.576,-37.435,35.013,51.773,-0.9562,-1.0989,1.0278,1.5198,0.6051
23,12,-30.034,-34.515,35.013,55.645,-0.8816,-1.0132,1.0278,1.6334,0.6051
23,13,-27.659,-31.228,35.013,59.702,-0.8119,-0.9167,1.0278,1.7525,0.6051
23,14,-26.172,-28.787,35.013,62.561,-0.7683,-0.845,1.0278,1.8364,0.6051
23,15,-24.495,-25.504,35.013,66.249,-0.719,-0.7486,1.0278,1.9447,0.6051
23,16,-23.1,-22.091,35.013,69.937,-0.6781,-0.6485,1.0278,2.053,0.6051
23,17,-22.094,-18.928,35.013,73.256,-0.6486,-0.5556,1.0278,2.1504,0.6051
23,18,-21.209,-15.065,35.013,77.221,-0.6226,-0.4422,1.0278,2.2668,0.6051
23,19,-20.543,-9.113,35.013,83.214,-0.603,-0.2675,1.0278,2.4427,0.6051
23,20,-20.508,-6.532,35.013,85.796,-0.602,-0.1918,1.0278,2.5185,0.6051
23,21,-20.722,-2.851,35.013,89.484,-0.6083,-0.0837,1.0278,2.6268,0.6051
23,22,-21.64,2.694,35.013,95.109,-0.6352,0.0791,1.0278,2.7919,0.6051
23,23,-22.378,5.455,35.013,97.967,-0.6569,0.1601,1.0278,2.8758,0.6051
23,24,-23.458,8.593,35.013,101.286,-0.6886,0.2522,1.0278,2.9732,0.6051
23,25,-24.772,11.64,35.013,104.606,-0.7272,0.3417,1.0278,3.0707,0.6051
23,26,-26.313,14.579,35.013,107.925,-0.7724,0.428,1.0278,3.1681,0.6051
23,27,-28.438,17.924,35.013,111.89,-0.8348,0.5262,1.0278,3.2845,0.6051
23,28,-32.39,22.785,35.013,118.16,-0.9508,0.6688,1.0278,3.4685,0.6051
24,0,-73.556,-50.074,30.863,6.961,-2.1592,-1.4699,0.906,0.2043,0.4833
24,1,-70.196,-50.662,30.863,10.373,-2.0606,-1.4872,0.906,0.3045,0.4833
24,2,-65.603,-51.037,30.863,14.983,-1.9258,-1.4982,0.906,0.4398,0.4833
24,3,-61.456,-50.961,30.863,19.132,-1.804,-1.496,0.906,0.5616,0.4833
24,4,-58.156,-50.618,30.863,22.452,-1.7071,-1.4859,0.906,0.6591,0.4833
24,5,-55.702,-50.198,30.863,24.941,-1.6351,-1.4735,0.906,0.7321,0.4833
24,6,-50.361,-48.77,30.863,30.473,-1.4783,-1.4316,0.906,0.8945,0.4833
24,7,-47.258,-47.594,30.863,33.793,-1.3872,-1.3971,0.906,0.992,0.4833
24,8,-44.581,-46.354,30.863,36.743,-1.3087,-1.3607,0.906,1.0786,0.4833
24,9,-40.738,-44.163,30.863,41.169,-1.1958,-1.2964,0.906,1.2085,0.4833
24,10,-38.829,-42.872,30.863,43.474,-1.1398,-1.2585,0.906,1.2762,0.4833
24,11,-36.205,-40.84,30.863,46.794,-1.0628,-1.1988,0.906,1.3736,0.4833
24,12,-33.153,-38.031,30.863,50.943,-0.9732,-1.1164,0.906,1.4954,0.4833
24,13,-30.972,-35.654,30.863,54.17,-0.9092,-1.0466,0.906,1.5901,0.4833
24,14,-28.647,-32.674,30.863,57.95,-0.8409,-0.9591,0.906,1.7011,0.4833
24,15,-26.824,-29.901,30.863,61.27,-0.7874,-0.8777,0.906,1.7985,0.4833
24,16,-25.257,-27.081,30.863,64.497,-0.7414,-0.7949,0.906,1.8933,0.4833
24,17,-23.832,-23.982,30.863,67.908,-0.6996,-0.704,0.906,1.9934,0.4833
24,18,-22.826,-21.307,30.863,70.767,-0.6701,-0.6255,0.906,2.0773,0.4833
24,19,-21.767,-17.679,30.863,74.547,-0.639,-0.519,0.906,2.1883,0.4833
24,20,-21.114,-14.52,30.863,77.774,-0.6198,-0.4262,0.906,2.283,0.4833
24,21,-20.593,-10.034,30.863,82.292,-0.6045,-0.2945,0.906,2.4157,0.4833
24,22,-20.599,-4.321,30.863,88.009,-0.6047,-0.1269,0.906,2.5835,0.4833
24,23,-21.278,0.98,30.863,93.357,-0.6246,0.0288,0.906,2.7405,0.4833
24,24,-22.196,4.836,30.863,97.322,-0.6515,0.1419,0.906,2.8568,0.4833
24,25,-22.948,7.208,30.863,99.811,-0.6736,0.2116,0.906,2.9299,0.4833
24,26,-24.732,11.557,30.863,104.514,-0.726,0.3392,0.906,3.068,0.4833
24,27,-25.818,13.694,30.863,106.911,-0.7579,0.402,0.906,3.1383,0.4833
24,28,-28.28,17.697,30.863,111.613,-0.8301,0.5195,0.906,3.2764,0.4833
24,29,-32.454,22.852,30.863,118.252,-0.9527,0.6708,0.906,3.4712,0.4833
24,30,-34.957,25.302,30.863,121.756,-1.0262,0.7427,0.906,3.5741,0.4833
25,0,-73.556,-50.074,26.436,6.961,-2.1592,-1.4699,0.776,0.2043,0.3533
25,1,-68.731,-50.834,26.436,11.848,-2.0176,-1.4922,0.776,0.3478,0.3533
25,2,-66.064,-51.022,26.436,14.522,-1.9393,-1.4977,0.776,0.4263,0.3533
25,3,-63.114,-51.039,26.436,17.473,-1.8527,-1.4982,0.776,0.5129,0.3533
25,4,-59.711,-50.812,26.436,20.884,-1.7528,-1.4916,0.776,0.613,0.3533
25,5,-54.98,-50.047,26.436,25.679,-1.6139,-1.4691,0.776,0.7538,0.3533
25,6,-52.742,-49.496,26.436,27.984,-1.5482,-1.4529,0.776,0.8215,0.3533
25,7,-49.491,-48.467,26.436,31.396,-1.4528,-1.4227,0.776,0.9216,0.3533
25,8,-45.16,-46.64,26.436,36.098,-1.3256,-1.3691,0.776,1.0596,0.3533
25,9,-40.738,-44.163,26.436,41.169,-1.1958,-1.2964,0.776,1.2085,0.3533
25,10,-37.937,-42.217,26.436,44.581,-1.1136,-1.2393,0.776,1.3087,0.3533
25,11,-35.435,-40.18,26.436,47.808,-1.0402,-1.1795,0.776,1.4034,0.3533
25,12,-33.61,-38.487,26.436,50.297,-0.9866,-1.1298,0.776,1.4765,0.3533
25,13,-30.557,-35.16,26.436,54.815,-0.897,-1.0321,0.776,1.6091,0.3533
25,14,-28.434,-32.373,26.436,58.319,-0.8347,-0.9503,0.776,1.7119,0.3533
25,15,-26.401,-29.187,26.436,62.1,-0.775,-0.8568,0.776,1.8229,0.3533
25,16,-24.69,-25.922,26.436,65.788,-0.7248,-0.7609,0.776,1.9312,0.3533
25,17,-23.323,-22.696,26.436,69.291,-0.6847,-0.6662,0.776,2.034,0.3533
25,18,-22.194,-19.283,26.436,72.887,-0.6515,-0.5661,0.776,2.1396,0.3533
25,19,-21.329,-15.699,26.436,76.576,-0.6261,-0.4608,0.776,2.2478,0.3533
25,20,-20.823,-12.513,26.436,79.803,-0.6112,-0.3673,0.776,2.3426,0.3533
25,21,-20.54,-9.021,26.436,83.307,-0.6029,-0.2648,0.776,2.4454,0.3533
25,22,-20.557,-5.058,26.436,87.271,-0.6034,-0.1485,0.776,2.5618,0.3533
25,23,-20.858,-1.66,26.436,90.683,-0.6123,-0.0487,0.776,2.662,0.3533
25,24,-21.519,2.154,26.436,94.555,-0.6317,0.0632,0.776,2.7756,0.3533
25,25,-22.541,5.983,26.436,98.52,-0.6617,0.1756,0.776,2.892,0.3533
25,26,-23.941,9.79,26.436,102.577,-0.7028,0.2874,0.776,3.0111,0.3533
25,27,-25.644,13.369,26.436,106.542,-0.7528,0.3924,0.776,3.1275,0.3533
25,28,-27.165,16.003,26.436,109.585,-0.7974,0.4698,0.776,3.2168,0.3533
25,29,-28.812,18.45,26.436,112.535,-0.8458,0.5416,0.776,3.3034,0.3533
25,30,-32.708,23.119,26.436,118.621,-0.9601,0.6787,0.776,3.4821,0.3533
26,0,-73.014,-50.187,22.193,7.515,-2.1433,-1.4732,0.6515,0.2206,0.2288
26,1,-68.731,-50.834,22.193,11.848,-2.0176,-1.4922,0.6515,0.3478,0.2288
26,2,-64.958,-51.051,22.193,15.629,-1.9068,-1.4986,0.6515,0.4588,0.2288
26,3,-60.997,-50.929,22.193,19.593,-1.7905,-1.495,0.6515,0.5752,0.2288
26,4,-58.156,-50.618,22.193,22.452,-1.7071,-1.4859,0.6515,0.6591,0.2288
26,5,-55.07,-50.066,22.193,25.587,-1.6166,-1.4697,0.6515,0.7511,0.2288
26,6,-52.033,-49.295,22.193,28.722,-1.5274,-1.447,0.6515,0.8431,0.2288
26,7,-49.058,-48.308,22.193,31.857,-1.4401,-1.4181,0.6515,0.9351,0.2288
26,8,-46.245,-47.15,22.193,34.899,-1.3575,-1.3841,0.6515,1.0245,0.2288
26,9,-43.844,-45.973,22.193,37.573,-1.287,-1.3495,0.6515,1.1029,0.2288
26,10,-40.583,-44.064,22.193,41.354,-1.1913,-1.2935,0.6515,1.2139,0.2288
26,11,-37.279,-41.711,22.193,45.411,-1.0943,-1.2244,0.6515,1.333,0.2288
26,12,-34.952,-39.751,22.193,48.453,-1.026,-1.1669,0.6515,1.4223,0.2288
26,13,-32.01,-36.829,22.193,52.603,-0.9396,-1.0811,0.6515,1.5441,0.2288
26,14,-29.412,-33.714,22.193,56.66,-0.8634,-0.9897,0.6515,1.6632,0.2288
26,15,-27.458,-30.919,22.193,60.071,-0.806,-0.9076,0.6515,1.7634,0.2288
26,16,-25.684,-27.898,22.193,63.575,-0.7539,-0.8189,0.6515,1.8662,0.2288
26,17,-24.419,-25.336,22.193,66.433,-0.7168,-0.7437,0.6515,1.9501,0.2288
26,18,-23.1,-22.091,22.193,69.937,-0.6781,-0.6485,0.6515,2.053,0.2288
26,19,-22.118,-19.017,22.193,73.164,-0.6493,-0.5582,0.6515,2.1477,0.2288
26,20,-21.26,-15.337,22.193,76.944,-0.6241,-0.4502,0.6515,2.2587,0.2288
26,21,-20.79,-12.238,22.193,80.079,-0.6103,-0.3592,0.6515,2.3507,0.2288
26,22,-20.536,-8.929,22.193,83.399,-0.6028,-0.2621,0.6515,2.4481,0.2288
26,23,-20.561,-4.966,22.193,87.364,-0.6036,-0.1458,0.6515,2.5645,0.2288
26,24,-20.919,-1.203,22.193,91.144,-0.6141,-0.0353,0.6515,2.6755,0.2288
26,25,-21.349,1.342,22.193,93.726,-0.6267,0.0394,0.6515,2.7513,0.2288
26,26,-22.378,5.455,22.193,97.967,-0.6569,0.1601,0.6515,2.8758,0.2288
26,27,-23.941,9.79,22.193,102.577,-0.7028,0.2874,0.6515,3.0111,0.2288
26,28,-26.875,15.532,22.193,109.032,-0.7889,0.4559,0.6515,3.2006,0.2288
26,29,-28.491,18.0,22.193,111.982,-0.8363,0.5284,0.6515,3.2872,0.2288
26,30,-33.484,23.908,22.193,119.727,-0.9829,0.7018,0.6515,3.5145,0.2288
27,0,-73.285,-50.131,17.859,7.238,-2.1513,-1.4716,0.5242,0.2125,0.1015
27,1,-69.647,-50.732,17.859,10.926,-2.0445,-1.4892,0.5242,0.3207,0.1015
27,2,-66.433,-51.005,17.859,14.153,-1.9501,-1.4972,0.5242,0.4155,0.1015
27,3,-61.64,-50.973,17.859,18.948,-1.8094,-1.4963,0.5242,0.5562,0.1015
27,4,-58.795,-50.705,17.859,21.806,-1.7259,-1.4884,0.5242,0.6401,0.1015
27,5,-56.064,-50.269,17.859,24.572,-1.6457,-1.4756,0.5242,0.7213,0.1015
27,6,-53.098,-49.592,17.859,27.615,-1.5587,-1.4557,0.5242,0.8106,0.1015
27,7,-49.577,-48.498,17.859,31.303,-1.4553,-1.4236,0.5242,0.9189,0.1015
27,8,-44.911,-46.518,17.859,36.375,-1.3184,-1.3655,0.5242,1.0678,0.1015
27,9,-41.836,-44.842,17.859,39.878,-1.2281,-1.3163,0.5242,1.1706,0.1015
27,10,-38.011,-42.272,17.859,44.489,-1.1158,-1.2409,0.5242,1.3059,0.1015
27,11,-35.993,-40.662,17.859,47.07,-1.0566,-1.1936,0.5242,1.3817,0.1015
27,12,-32.895,-37.768,17.859,51.312,-0.9656,-1.1087,0.5242,1.5062,0.1015
27,13,-30.912,-35.584,17.859,54.262,-0.9074,-1.0445,0.5242,1.5928,0.1015
27,14,-28.54,-32.524,17.859,58.135,-0.8378,-0.9547,0.5242,1.7065,0.1015
27,15,-26.776,-29.823,17.859,61.362,-0.786,-0.8754,0.5242,1.8013,0.1015
27,16,-25.64,-27.817,17.859,63.667,-0.7527,-0.8166,0.5242,1.8689,0.1015
27,17,-24.156,-24.746,17.859,67.079,-0.7091,-0.7264,0.5242,1.9691,0.1015
27,18,-23.038,-21.917,17.859,70.121,-0.6763,-0.6434,0.5242,2.0584,0.1015
27,19,-21.402,-16.061,17.859,76.207,-0.6283,-0.4715,0.5242,2.237,0.1015
27,20,-20.834,-12.604,17.859,79.711,-0.6116,-0.37,0.5242,2.3399,0.1015
27,21,-20.54,-9.021,17.859,83.307,-0.6029,-0.2648,0.5242,2.4454,0.1015
27,22,-20.561,-4.966,17.859,87.364,-0.6036,-0.1458,0.5242,2.5645,0.1015
27,23,-20.985,-0.747,17.859,91.605,-0.616,-0.0219,0.5242,2.689,0.1015
27,24,-21.538,2.244,17.859,94.648,-0.6323,0.0659,0.5242,2.7783,0.1015
27,25,-22.513,5.895,17.859,98.428,-0.6609,0.1731,0.5242,2.8893,0.1015
27,26,-23.73,9.278,17.859,102.024,-0.6966,0.2724,0.5242,2.9949,0.1015
27,27,-25.136,12.386,17.859,105.436,-0.7379,0.3636,0.5242,3.095,0.1015
27,28,-27.02,15.768,17.859,109.308,-0.7931,0.4629,0.5242,3.2087,0.1015
27,29,-28.597,18.151,17.859,112.166,-0.8395,0.5328,0.5242,3.2926,0.1015
27,30,-32.836,23.252,17.859,118.805,-0.9639,0.6826,0.5242,3.4875,0.1015
